date,pm10,pm2_5,carbon_monoxide,nitrogen_dioxide,sulphur_dioxide,ozone,dust,latitude,longitude
2024-08-21 00:00:00,29.5,15.7,297.0,14.8,1.1,44.0,22.0,32.63976108,71.89520408
2024-08-21 01:00:00,30.0,15.1,268.0,11.1,1.3,59.0,23.0,32.63976108,71.89520408
2024-08-21 02:00:00,27.1,13.5,227.0,5.9,1.5,79.0,24.0,32.63976108,71.89520408
2024-08-21 03:00:00,24.3,11.9,199.0,2.1,1.6,96.0,24.0,32.63976108,71.89520408
2024-08-21 04:00:00,21.1,10.9,195.0,0.9,1.5,104.0,21.0,32.63976108,71.89520408
2024-08-21 05:00:00,23.6,12.6,204.0,0.9,1.2,108.0,18.0,32.63976108,71.89520408
2024-08-21 06:00:00,21.8,12.0,211.0,1.1,1.0,111.0,15.0,32.63976108,71.89520408
2024-08-21 07:00:00,23.3,13.0,212.0,0.9,0.8,114.0,15.0,32.63976108,71.89520408
2024-08-21 08:00:00,23.0,12.8,211.0,0.8,0.7,117.0,16.0,32.63976108,71.89520408
2024-08-21 09:00:00,23.7,13.0,210.0,0.8,0.6,118.0,17.0,32.63976108,71.89520408
2024-08-21 10:00:00,23.8,13.1,207.0,0.7,0.6,118.0,18.0,32.63976108,71.89520408
2024-08-21 11:00:00,24.6,13.6,205.0,0.6,0.6,116.0,18.0,32.63976108,71.89520408
2024-08-21 12:00:00,10.0,6.4,215.0,1.5,1.3,125.0,3.0,32.63976108,71.89520408
2024-08-21 13:00:00,12.8,7.9,234.0,3.0,1.5,118.0,3.0,32.63976108,71.89520408
2024-08-21 14:00:00,15.7,10.2,261.0,5.1,1.7,108.0,3.0,32.63976108,71.89520408
2024-08-21 15:00:00,18.7,12.4,289.0,7.2,2.0,99.0,3.0,32.63976108,71.89520408
2024-08-21 16:00:00,21.2,14.2,321.0,9.4,2.3,92.0,3.0,32.63976108,71.89520408
2024-08-21 17:00:00,23.8,16.1,354.0,11.6,2.6,85.0,2.0,32.63976108,71.89520408
2024-08-21 18:00:00,25.1,17.0,376.0,13.4,2.8,80.0,2.0,32.63976108,71.89520408
2024-08-21 19:00:00,24.3,16.5,378.0,14.5,2.9,76.0,2.0,32.63976108,71.89520408
2024-08-21 20:00:00,22.8,15.5,369.0,15.2,3.0,73.0,2.0,32.63976108,71.89520408
2024-08-21 21:00:00,21.5,14.6,360.0,15.8,3.1,71.0,2.0,32.63976108,71.89520408
2024-08-21 22:00:00,20.7,14.1,359.0,17.0,3.2,67.0,2.0,32.63976108,71.89520408
2024-08-21 23:00:00,20.3,13.8,358.0,18.2,3.3,63.0,2.0,32.63976108,71.89520408
2024-08-22 00:00:00,23.7,15.8,386.0,20.0,3.0,54.0,4.0,32.63976108,71.89520408
2024-08-22 01:00:00,23.7,15.5,349.0,15.0,2.8,70.0,4.0,32.63976108,71.89520408
2024-08-22 02:00:00,24.2,15.9,298.0,8.0,2.4,93.0,5.0,32.63976108,71.89520408
2024-08-22 03:00:00,17.8,11.1,257.0,2.8,2.1,111.0,6.0,32.63976108,71.89520408
2024-08-22 04:00:00,16.7,10.2,236.0,0.9,1.8,120.0,7.0,32.63976108,71.89520408
2024-08-22 05:00:00,16.5,9.6,224.0,0.8,1.4,125.0,8.0,32.63976108,71.89520408
2024-08-22 06:00:00,17.1,9.6,216.0,0.8,1.2,128.0,10.0,32.63976108,71.89520408
2024-08-22 07:00:00,18.1,9.6,211.0,0.6,1.1,130.0,15.0,32.63976108,71.89520408
2024-08-22 08:00:00,19.0,9.0,210.0,0.6,1.1,130.0,21.0,32.63976108,71.89520408
2024-08-22 09:00:00,20.9,8.4,210.0,0.7,1.1,129.0,26.0,32.63976108,71.89520408
2024-08-22 10:00:00,25.8,9.1,206.0,0.5,1.1,129.0,31.0,32.63976108,71.89520408
2024-08-22 11:00:00,25.6,9.4,203.0,0.3,1.0,129.0,35.0,32.63976108,71.89520408
2024-08-22 12:00:00,41.3,14.9,206.0,1.0,1.1,122.0,58.0,32.63976108,71.89520408
2024-08-22 13:00:00,40.6,15.1,233.0,3.1,1.3,112.0,55.0,32.63976108,71.89520408
2024-08-22 14:00:00,45.1,19.7,271.0,6.1,1.7,99.0,50.0,32.63976108,71.89520408
2024-08-22 15:00:00,48.0,22.4,308.0,9.0,2.0,87.0,46.0,32.63976108,71.89520408
2024-08-22 16:00:00,50.5,24.6,343.0,11.5,2.4,79.0,45.0,32.63976108,71.89520408
2024-08-22 17:00:00,52.6,26.2,377.0,13.9,2.8,71.0,45.0,32.63976108,71.89520408
2024-08-22 18:00:00,53.6,26.9,400.0,15.8,3.0,64.0,43.0,32.63976108,71.89520408
2024-08-22 19:00:00,51.1,26.6,407.0,17.0,2.9,55.0,37.0,32.63976108,71.89520408
2024-08-22 20:00:00,46.1,25.4,404.0,17.7,2.5,45.0,29.0,32.63976108,71.89520408
2024-08-22 21:00:00,43.3,24.3,398.0,18.1,2.3,38.0,24.0,32.63976108,71.89520408
2024-08-22 22:00:00,42.0,23.7,395.0,18.9,2.3,34.0,24.0,32.63976108,71.89520408
2024-08-22 23:00:00,42.0,23.5,390.0,19.4,2.3,33.0,27.0,32.63976108,71.89520408
2024-08-23 00:00:00,51.1,26.1,385.0,19.8,2.1,39.0,39.0,32.63976108,71.89520408
2024-08-23 01:00:00,47.7,23.9,336.0,14.6,2.0,55.0,45.0,32.63976108,71.89520408
2024-08-23 02:00:00,45.1,22.4,269.0,7.5,1.9,78.0,53.0,32.63976108,71.89520408
2024-08-23 03:00:00,53.1,22.8,220.0,2.2,1.8,97.0,59.0,32.63976108,71.89520408
2024-08-23 04:00:00,53.7,23.2,208.0,0.5,1.8,109.0,59.0,32.63976108,71.89520408
2024-08-23 05:00:00,54.0,22.2,214.0,0.7,1.8,118.0,56.0,32.63976108,71.89520408
2024-08-23 06:00:00,49.2,21.0,220.0,0.9,1.7,124.0,55.0,32.63976108,71.89520408
2024-08-23 07:00:00,48.5,20.4,218.0,0.7,1.5,127.0,60.0,32.63976108,71.89520408
2024-08-23 08:00:00,49.6,19.7,214.0,0.6,1.3,127.0,67.0,32.63976108,71.89520408
2024-08-23 09:00:00,53.6,19.4,212.0,0.6,1.1,126.0,74.0,32.63976108,71.89520408
2024-08-23 10:00:00,56.1,19.4,208.0,0.4,1.0,127.0,79.0,32.63976108,71.89520408
2024-08-23 11:00:00,57.0,19.6,204.0,0.2,1.0,127.0,83.0,32.63976108,71.89520408
2024-08-23 12:00:00,74.7,26.7,216.0,1.0,1.2,124.0,105.0,32.63976108,71.89520408
2024-08-23 13:00:00,69.8,26.6,247.0,3.4,1.4,113.0,97.0,32.63976108,71.89520408
2024-08-23 14:00:00,72.4,30.4,291.0,6.8,1.7,97.0,87.0,32.63976108,71.89520408
2024-08-23 15:00:00,75.2,33.8,334.0,9.9,2.0,82.0,77.0,32.63976108,71.89520408
2024-08-23 16:00:00,76.4,36.2,376.0,12.4,2.3,70.0,70.0,32.63976108,71.89520408
2024-08-23 17:00:00,76.8,37.6,418.0,14.6,2.5,59.0,65.0,32.63976108,71.89520408
2024-08-23 18:00:00,75.0,37.8,448.0,16.4,2.6,49.0,58.0,32.63976108,71.89520408
2024-08-23 19:00:00,70.8,37.0,457.0,17.5,2.4,41.0,48.0,32.63976108,71.89520408
2024-08-23 20:00:00,65.9,35.7,454.0,18.0,2.1,35.0,38.0,32.63976108,71.89520408
2024-08-23 21:00:00,61.0,34.3,451.0,18.6,1.9,30.0,31.0,32.63976108,71.89520408
2024-08-23 22:00:00,57.9,33.2,456.0,20.0,1.7,25.0,31.0,32.63976108,71.89520408
2024-08-23 23:00:00,58.0,32.7,460.0,21.3,1.7,22.0,34.0,32.63976108,71.89520408
2024-08-24 00:00:00,74.0,37.1,509.0,26.6,2.2,24.0,55.0,32.63976108,71.89520408
2024-08-24 01:00:00,70.8,37.4,474.0,20.2,2.5,47.0,53.0,32.63976108,71.89520408
2024-08-24 02:00:00,72.9,40.4,425.0,11.4,3.0,79.0,50.0,32.63976108,71.89520408
2024-08-24 03:00:00,82.2,44.2,387.0,4.6,3.5,106.0,48.0,32.63976108,71.89520408
2024-08-24 04:00:00,83.4,44.4,371.0,2.0,4.0,124.0,46.0,32.63976108,71.89520408
2024-08-24 05:00:00,83.6,45.1,366.0,1.4,4.4,136.0,44.0,32.63976108,71.89520408
2024-08-24 06:00:00,82.0,44.6,360.0,1.2,4.6,145.0,44.0,32.63976108,71.89520408
2024-08-24 07:00:00,79.9,43.1,349.0,0.8,4.2,148.0,47.0,32.63976108,71.89520408
2024-08-24 08:00:00,79.4,41.7,337.0,0.8,3.5,148.0,51.0,32.63976108,71.89520408
2024-08-24 09:00:00,80.6,41.8,330.0,0.8,3.0,147.0,54.0,32.63976108,71.89520408
2024-08-24 10:00:00,83.1,42.7,327.0,0.6,2.8,149.0,55.0,32.63976108,71.89520408
2024-08-24 11:00:00,81.5,42.5,328.0,0.5,2.7,151.0,54.0,32.63976108,71.89520408
2024-08-24 12:00:00,77.3,38.3,307.0,1.3,2.5,152.0,60.0,32.63976108,71.89520408
2024-08-24 13:00:00,74.5,38.2,328.0,3.0,2.5,140.0,56.0,32.63976108,71.89520408
2024-08-24 14:00:00,74.3,40.4,358.0,5.5,2.6,123.0,50.0,32.63976108,71.89520408
2024-08-24 15:00:00,77.8,42.4,391.0,8.0,2.7,107.0,45.0,32.63976108,71.89520408
2024-08-24 16:00:00,80.1,44.1,429.0,10.4,2.9,93.0,43.0,32.63976108,71.89520408
2024-08-24 17:00:00,81.0,44.8,470.0,12.8,3.1,80.0,43.0,32.63976108,71.89520408
2024-08-24 18:00:00,79.9,44.2,495.0,14.5,3.2,69.0,42.0,32.63976108,71.89520408
2024-08-24 19:00:00,75.0,42.1,494.0,15.1,3.1,62.0,40.0,32.63976108,71.89520408
2024-08-24 20:00:00,71.7,40.3,477.0,15.2,3.0,58.0,38.0,32.63976108,71.89520408
2024-08-24 21:00:00,70.8,39.1,461.0,15.2,2.8,55.0,37.0,32.63976108,71.89520408
2024-08-24 22:00:00,70.5,38.2,453.0,16.0,2.7,50.0,38.0,32.63976108,71.89520408
2024-08-24 23:00:00,70.8,37.6,446.0,16.9,2.6,46.0,40.0,32.63976108,71.89520408
2024-08-25 00:00:00,68.2,37.8,534.0,21.4,2.4,29.0,33.0,32.63976108,71.89520408
2024-08-25 01:00:00,67.3,38.1,516.0,16.7,3.0,52.0,36.0,32.63976108,71.89520408
2024-08-25 02:00:00,72.4,41.1,490.0,10.2,3.9,84.0,41.0,32.63976108,71.89520408
2024-08-25 03:00:00,84.5,45.8,457.0,5.1,4.5,110.0,45.0,32.63976108,71.89520408
2024-08-25 04:00:00,82.0,42.5,413.0,2.8,4.6,124.0,46.0,32.63976108,71.89520408
2024-08-25 05:00:00,77.8,38.6,362.0,1.9,4.3,133.0,47.0,32.63976108,71.89520408
2024-08-25 06:00:00,71.5,36.7,323.0,1.4,4.0,139.0,48.0,32.63976108,71.89520408
2024-08-25 07:00:00,73.3,36.9,305.0,0.9,3.6,143.0,51.0,32.63976108,71.89520408
2024-08-25 08:00:00,72.9,36.8,299.0,0.8,3.2,144.0,54.0,32.63976108,71.89520408
2024-08-25 09:00:00,76.1,37.5,295.0,0.8,2.8,144.0,57.0,32.63976108,71.89520408
2024-08-25 10:00:00,75.2,36.6,285.0,0.5,2.5,144.0,60.0,32.63976108,71.89520408
2024-08-25 11:00:00,75.9,36.0,276.0,0.4,2.3,142.0,63.0,32.63976108,71.89520408
2024-08-25 12:00:00,65.4,31.7,269.0,1.1,2.5,145.0,51.0,32.63976108,71.89520408
2024-08-25 13:00:00,66.4,32.1,290.0,2.7,2.7,138.0,51.0,32.63976108,71.89520408
2024-08-25 14:00:00,68.9,35.2,322.0,5.1,2.9,127.0,50.0,32.63976108,71.89520408
2024-08-25 15:00:00,73.8,38.0,361.0,7.9,3.1,114.0,49.0,32.63976108,71.89520408
2024-08-25 16:00:00,77.1,40.4,413.0,11.5,3.3,99.0,47.0,32.63976108,71.89520408
2024-08-25 17:00:00,78.7,42.4,473.0,15.4,3.4,81.0,44.0,32.63976108,71.89520408
2024-08-25 18:00:00,78.9,43.3,519.0,18.7,3.5,67.0,42.0,32.63976108,71.89520408
2024-08-25 19:00:00,78.2,43.0,547.0,21.2,3.5,56.0,42.0,32.63976108,71.89520408
2024-08-25 20:00:00,78.0,42.6,561.0,23.0,3.4,47.0,43.0,32.63976108,71.89520408
2024-08-25 21:00:00,78.0,42.3,555.0,22.8,3.3,45.0,42.0,32.63976108,71.89520408
2024-08-25 22:00:00,78.9,42.3,516.0,19.2,3.2,52.0,37.0,32.63976108,71.89520408
2024-08-25 23:00:00,72.2,40.2,456.0,13.7,3.1,66.0,30.0,32.63976108,71.89520408
2024-08-26 00:00:00,60.8,36.1,326.0,5.2,3.3,98.0,21.0,32.63976108,71.89520408
2024-08-26 01:00:00,58.3,35.2,302.0,4.2,3.3,108.0,25.0,32.63976108,71.89520408
2024-08-26 02:00:00,52.2,30.7,270.0,2.8,3.3,122.0,31.0,32.63976108,71.89520408
2024-08-26 03:00:00,63.1,33.8,249.0,1.7,3.2,133.0,36.0,32.63976108,71.89520408
2024-08-26 04:00:00,68.0,35.5,249.0,1.2,2.7,137.0,37.0,32.63976108,71.89520408
2024-08-26 05:00:00,63.8,33.8,260.0,0.9,2.1,138.0,37.0,32.63976108,71.89520408
2024-08-26 06:00:00,62.2,32.5,268.0,0.8,1.6,138.0,38.0,32.63976108,71.89520408
2024-08-26 07:00:00,62.6,31.9,267.0,0.7,1.3,138.0,40.0,32.63976108,71.89520408
2024-08-26 08:00:00,61.7,31.1,263.0,0.7,1.1,137.0,43.0,32.63976108,71.89520408
2024-08-26 09:00:00,60.8,30.2,260.0,0.7,1.0,136.0,45.0,32.63976108,71.89520408
2024-08-26 10:00:00,58.3,29.0,255.0,0.5,0.9,136.0,46.0,32.63976108,71.89520408
2024-08-26 11:00:00,57.6,28.5,251.0,0.4,0.9,136.0,45.0,32.63976108,71.89520408
2024-08-26 12:00:00,46.2,22.2,260.0,1.1,1.5,138.0,38.0,32.63976108,71.89520408
2024-08-26 13:00:00,48.3,24.6,286.0,3.0,1.7,127.0,35.0,32.63976108,71.89520408
2024-08-26 14:00:00,49.1,26.9,324.0,5.8,2.0,111.0,30.0,32.63976108,71.89520408
2024-08-26 15:00:00,54.2,30.4,365.0,8.7,2.3,95.0,27.0,32.63976108,71.89520408
2024-08-26 16:00:00,57.4,32.7,413.0,11.8,2.5,80.0,26.0,32.63976108,71.89520408
2024-08-26 17:00:00,60.1,34.7,464.0,15.0,2.7,66.0,26.0,32.63976108,71.89520408
2024-08-26 18:00:00,62.2,36.0,501.0,17.7,2.8,55.0,26.0,32.63976108,71.89520408
2024-08-26 19:00:00,62.9,36.1,521.0,20.1,2.8,46.0,27.0,32.63976108,71.89520408
2024-08-26 20:00:00,62.6,35.6,528.0,21.8,2.8,41.0,27.0,32.63976108,71.89520408
2024-08-26 21:00:00,61.9,35.2,512.0,21.6,2.8,42.0,27.0,32.63976108,71.89520408
2024-08-26 22:00:00,54.0,31.5,457.0,17.8,2.9,55.0,24.0,32.63976108,71.89520408
2024-08-26 23:00:00,50.4,30.2,379.0,11.9,3.1,76.0,20.0,32.63976108,71.89520408
2024-08-27 00:00:00,43.1,26.9,280.0,2.2,4.7,127.0,11.0,32.63976108,71.89520408
2024-08-27 01:00:00,45.3,27.7,287.0,2.4,4.9,122.0,11.0,32.63976108,71.89520408
2024-08-27 02:00:00,44.9,28.0,296.0,2.7,5.0,116.0,10.0,32.63976108,71.89520408
2024-08-27 03:00:00,47.3,29.5,302.0,2.7,5.1,114.0,10.0,32.63976108,71.89520408
2024-08-27 04:00:00,46.7,28.8,304.0,2.3,4.9,119.0,10.0,32.63976108,71.89520408
2024-08-27 05:00:00,47.7,29.5,303.0,1.7,4.6,127.0,11.0,32.63976108,71.89520408
2024-08-27 06:00:00,46.6,28.8,301.0,1.2,4.2,134.0,11.0,32.63976108,71.89520408
2024-08-27 07:00:00,44.1,27.7,297.0,1.0,3.7,138.0,10.0,32.63976108,71.89520408
2024-08-27 08:00:00,40.7,26.0,292.0,0.9,3.0,140.0,8.0,32.63976108,71.89520408
2024-08-27 09:00:00,37.1,24.0,287.0,0.9,2.6,141.0,6.0,32.63976108,71.89520408
2024-08-27 10:00:00,34.3,22.4,277.0,0.8,2.5,141.0,5.0,32.63976108,71.89520408
2024-08-27 11:00:00,32.0,21.1,267.0,0.8,2.5,140.0,4.0,32.63976108,71.89520408
2024-08-27 12:00:00,21.2,14.9,298.0,2.6,3.1,123.0,0.0,32.63976108,71.89520408
2024-08-27 13:00:00,25.0,17.3,295.0,2.9,3.2,116.0,0.0,32.63976108,71.89520408
2024-08-27 14:00:00,25.8,17.9,290.0,3.4,3.3,105.0,0.0,32.63976108,71.89520408
2024-08-27 15:00:00,26.7,18.6,289.0,4.0,3.3,95.0,0.0,32.63976108,71.89520408
2024-08-27 16:00:00,27.6,19.3,294.0,4.7,3.2,87.0,0.0,32.63976108,71.89520408
2024-08-27 17:00:00,28.3,19.7,302.0,5.5,3.0,79.0,1.0,32.63976108,71.89520408
2024-08-27 18:00:00,28.5,19.8,307.0,6.3,2.8,73.0,1.0,32.63976108,71.89520408
2024-08-27 19:00:00,28.0,19.5,305.0,7.1,2.7,68.0,1.0,32.63976108,71.89520408
2024-08-27 20:00:00,27.6,19.2,299.0,7.9,2.5,65.0,1.0,32.63976108,71.89520408
2024-08-27 21:00:00,27.1,18.8,296.0,8.7,2.4,61.0,1.0,32.63976108,71.89520408
2024-08-27 22:00:00,26.4,18.4,301.0,10.0,2.3,55.0,1.0,32.63976108,71.89520408
2024-08-27 23:00:00,26.3,18.3,307.0,11.5,2.1,50.0,1.0,32.63976108,71.89520408
2024-08-28 00:00:00,26.7,18.6,289.0,9.0,2.0,49.0,1.0,32.63976108,71.89520408
2024-08-28 01:00:00,24.6,17.0,266.0,7.4,2.6,55.0,1.0,32.63976108,71.89520408
2024-08-28 02:00:00,26.3,18.2,234.0,5.1,3.4,63.0,1.0,32.63976108,71.89520408
2024-08-28 03:00:00,24.9,17.4,209.0,3.4,3.9,69.0,1.0,32.63976108,71.89520408
2024-08-28 04:00:00,21.8,15.4,197.0,2.6,3.7,72.0,1.0,32.63976108,71.89520408
2024-08-28 05:00:00,18.5,13.1,191.0,2.4,3.3,72.0,0.0,32.63976108,71.89520408
2024-08-28 06:00:00,15.6,11.1,187.0,2.2,2.8,73.0,0.0,32.63976108,71.89520408
2024-08-28 07:00:00,13.1,9.3,184.0,2.0,2.4,73.0,0.0,32.63976108,71.89520408
2024-08-28 08:00:00,11.8,8.4,182.0,1.8,2.1,73.0,0.0,32.63976108,71.89520408
2024-08-28 09:00:00,11.2,7.9,182.0,1.7,2.0,75.0,0.0,32.63976108,71.89520408
2024-08-28 10:00:00,12.4,8.8,183.0,1.5,2.5,82.0,0.0,32.63976108,71.89520408
2024-08-28 11:00:00,13.7,9.7,186.0,1.3,3.2,90.0,0.0,32.63976108,71.89520408
2024-08-28 12:00:00,9.7,6.9,201.0,3.4,5.0,75.0,0.0,32.63976108,71.89520408
2024-08-28 13:00:00,10.4,7.4,211.0,4.1,4.9,70.0,0.0,32.63976108,71.89520408
2024-08-28 14:00:00,11.4,8.1,225.0,5.2,4.8,64.0,0.0,32.63976108,71.89520408
2024-08-28 15:00:00,11.8,8.4,238.0,6.2,4.6,57.0,0.0,32.63976108,71.89520408
2024-08-28 16:00:00,12.1,8.6,248.0,7.0,4.3,51.0,0.0,32.63976108,71.89520408
2024-08-28 17:00:00,12.6,8.9,257.0,7.7,3.9,44.0,0.0,32.63976108,71.89520408
2024-08-28 18:00:00,12.8,9.1,262.0,8.4,3.5,39.0,0.0,32.63976108,71.89520408
2024-08-28 19:00:00,12.7,9.0,262.0,9.0,3.2,34.0,0.0,32.63976108,71.89520408
2024-08-28 20:00:00,12.1,8.6,258.0,9.6,2.8,31.0,0.0,32.63976108,71.89520408
2024-08-28 21:00:00,11.5,8.1,254.0,10.0,2.6,28.0,0.0,32.63976108,71.89520408
2024-08-28 22:00:00,11.0,7.8,251.0,10.4,2.4,25.0,0.0,32.63976108,71.89520408
2024-08-28 23:00:00,10.6,7.5,247.0,10.6,2.3,24.0,0.0,32.63976108,71.89520408
2024-08-29 00:00:00,9.6,6.8,215.0,7.1,2.1,45.0,0.0,32.63976108,71.89520408
2024-08-29 01:00:00,9.5,6.7,208.0,5.9,2.1,51.0,0.0,32.63976108,71.89520408
2024-08-29 02:00:00,10.8,7.6,199.0,4.3,2.2,59.0,0.0,32.63976108,71.89520408
2024-08-29 03:00:00,11.4,8.0,190.0,2.9,2.3,67.0,0.0,32.63976108,71.89520408
2024-08-29 04:00:00,12.9,9.0,183.0,2.1,2.5,75.0,0.0,32.63976108,71.89520408
2024-08-29 05:00:00,14.4,10.1,177.0,1.5,2.8,84.0,0.0,32.63976108,71.89520408
2024-08-29 06:00:00,16.2,11.3,174.0,1.1,3.1,91.0,0.0,32.63976108,71.89520408
2024-08-29 07:00:00,19.4,13.6,174.0,0.9,3.3,97.0,0.0,32.63976108,71.89520408
2024-08-29 08:00:00,18.7,13.1,177.0,0.9,3.4,102.0,0.0,32.63976108,71.89520408
2024-08-29 09:00:00,17.7,12.3,181.0,1.0,3.4,106.0,0.0,32.63976108,71.89520408
2024-08-29 10:00:00,18.7,13.0,186.0,1.0,3.3,111.0,0.0,32.63976108,71.89520408
2024-08-29 11:00:00,19.8,13.8,192.0,1.1,3.1,115.0,0.0,32.63976108,71.89520408
2024-08-29 12:00:00,29.0,20.3,241.0,1.9,5.0,114.0,0.0,32.63976108,71.89520408
2024-08-29 13:00:00,29.7,20.8,258.0,3.1,5.5,105.0,0.0,32.63976108,71.89520408
2024-08-29 14:00:00,31.8,22.3,282.0,4.8,6.3,92.0,0.0,32.63976108,71.89520408
2024-08-29 15:00:00,32.6,22.9,305.0,6.3,6.8,81.0,0.0,32.63976108,71.89520408
2024-08-29 16:00:00,33.4,23.5,326.0,7.4,7.0,75.0,0.0,32.63976108,71.89520408
2024-08-29 17:00:00,34.0,24.0,345.0,8.2,7.0,71.0,0.0,32.63976108,71.89520408
2024-08-29 18:00:00,32.9,23.2,355.0,8.7,6.8,68.0,0.0,32.63976108,71.89520408
2024-08-29 19:00:00,31.9,22.3,351.0,8.7,6.4,65.0,1.0,32.63976108,71.89520408
2024-08-29 20:00:00,29.7,20.6,338.0,8.3,5.8,63.0,1.0,32.63976108,71.89520408
2024-08-29 21:00:00,29.6,20.4,325.0,7.9,5.4,61.0,2.0,32.63976108,71.89520408
2024-08-29 22:00:00,29.8,20.5,317.0,7.6,5.3,59.0,3.0,32.63976108,71.89520408
2024-08-29 23:00:00,30.7,21.0,309.0,7.1,5.5,59.0,3.0,32.63976108,71.89520408
2024-08-30 00:00:00,29.7,20.3,268.0,5.1,5.3,69.0,4.0,32.63976108,71.89520408
2024-08-30 01:00:00,27.8,19.2,261.0,4.9,5.0,67.0,4.0,32.63976108,71.89520408
2024-08-30 02:00:00,25.3,17.4,252.0,4.6,4.7,65.0,3.0,32.63976108,71.89520408
2024-08-30 03:00:00,24.7,16.9,243.0,4.3,4.4,64.0,3.0,32.63976108,71.89520408
2024-08-30 04:00:00,23.8,16.5,236.0,4.1,4.2,66.0,3.0,32.63976108,71.89520408
2024-08-30 05:00:00,23.8,16.5,231.0,4.0,4.0,69.0,2.0,32.63976108,71.89520408
2024-08-30 06:00:00,23.0,16.1,228.0,3.9,4.0,72.0,2.0,32.63976108,71.89520408
2024-08-30 07:00:00,23.5,16.6,229.0,3.9,4.1,74.0,2.0,32.63976108,71.89520408
2024-08-30 08:00:00,23.9,16.9,232.0,3.9,4.2,76.0,1.0,32.63976108,71.89520408
2024-08-30 09:00:00,22.5,16.1,235.0,4.0,4.5,78.0,1.0,32.63976108,71.89520408
2024-08-30 10:00:00,23.5,16.9,237.0,4.3,5.0,79.0,1.0,32.63976108,71.89520408
2024-08-30 11:00:00,22.5,16.2,239.0,4.6,5.7,80.0,1.0,32.63976108,71.89520408
2024-08-30 12:00:00,30.7,22.1,227.0,3.2,2.7,80.0,1.0,32.63976108,71.89520408
2024-08-30 13:00:00,28.9,20.8,215.0,3.1,2.4,78.0,1.0,32.63976108,71.89520408
2024-08-30 14:00:00,26.8,19.4,199.0,3.1,2.0,75.0,1.0,32.63976108,71.89520408
2024-08-30 15:00:00,24.9,17.9,187.0,3.2,1.7,72.0,1.0,32.63976108,71.89520408
2024-08-30 16:00:00,23.7,16.9,184.0,3.5,1.5,68.0,2.0,32.63976108,71.89520408
2024-08-30 17:00:00,23.1,16.4,185.0,3.9,1.5,63.0,2.0,32.63976108,71.89520408
2024-08-30 18:00:00,23.5,16.5,188.0,4.7,1.4,59.0,3.0,32.63976108,71.89520408
2024-08-30 19:00:00,24.1,16.8,192.0,6.2,1.4,55.0,3.0,32.63976108,71.89520408
2024-08-30 20:00:00,24.4,16.9,198.0,8.0,1.4,51.0,4.0,32.63976108,71.89520408
2024-08-30 21:00:00,24.6,16.9,204.0,9.8,1.4,47.0,4.0,32.63976108,71.89520408
2024-08-30 22:00:00,24.9,17.0,211.0,11.8,1.4,41.0,4.0,32.63976108,71.89520408
2024-08-30 23:00:00,25.0,17.1,217.0,13.6,1.4,36.0,5.0,32.63976108,71.89520408
2024-08-31 00:00:00,22.6,15.1,194.0,11.2,1.1,33.0,5.0,32.63976108,71.89520408
2024-08-31 01:00:00,23.6,15.7,190.0,8.8,1.1,43.0,6.0,32.63976108,71.89520408
2024-08-31 02:00:00,26.1,17.3,183.0,5.4,1.1,58.0,7.0,32.63976108,71.89520408
2024-08-31 03:00:00,25.8,16.5,175.0,2.8,1.1,71.0,8.0,32.63976108,71.89520408
2024-08-31 04:00:00,24.3,15.2,162.0,1.6,1.0,81.0,8.0,32.63976108,71.89520408
2024-08-31 05:00:00,22.8,14.3,148.0,1.0,0.9,89.0,9.0,32.63976108,71.89520408
2024-08-31 06:00:00,21.7,13.4,138.0,0.7,0.8,95.0,9.0,32.63976108,71.89520408
2024-08-31 07:00:00,20.4,12.3,136.0,0.5,0.7,97.0,9.0,32.63976108,71.89520408
2024-08-31 08:00:00,19.9,11.9,140.0,0.5,0.7,97.0,10.0,32.63976108,71.89520408
2024-08-31 09:00:00,19.2,11.3,143.0,0.5,0.7,97.0,10.0,32.63976108,71.89520408
2024-08-31 10:00:00,19.0,11.1,142.0,0.3,0.7,98.0,10.0,32.63976108,71.89520408
2024-08-31 11:00:00,19.2,11.3,140.0,0.1,0.6,98.0,10.0,32.63976108,71.89520408
2024-08-31 12:00:00,10.7,6.4,143.0,0.8,0.8,91.0,5.0,32.63976108,71.89520408
2024-08-31 13:00:00,11.7,7.3,170.0,2.8,1.1,83.0,4.0,32.63976108,71.89520408
2024-08-31 14:00:00,15.1,9.8,209.0,5.5,1.5,71.0,4.0,32.63976108,71.89520408
2024-08-31 15:00:00,18.1,12.0,241.0,7.7,1.8,62.0,3.0,32.63976108,71.89520408
2024-08-31 16:00:00,19.4,13.1,262.0,8.8,2.1,56.0,3.0,32.63976108,71.89520408
2024-08-31 17:00:00,20.0,13.6,278.0,9.5,2.3,52.0,2.0,32.63976108,71.89520408
2024-08-31 18:00:00,20.0,13.6,287.0,10.0,2.5,50.0,2.0,32.63976108,71.89520408
2024-08-31 19:00:00,19.4,13.2,288.0,10.6,2.7,49.0,2.0,32.63976108,71.89520408
2024-08-31 20:00:00,19.6,13.3,283.0,11.1,2.8,50.0,3.0,32.63976108,71.89520408
2024-08-31 21:00:00,19.8,13.4,278.0,11.5,2.9,51.0,3.0,32.63976108,71.89520408
2024-08-31 22:00:00,19.9,13.4,276.0,12.1,2.9,49.0,3.0,32.63976108,71.89520408
2024-08-31 23:00:00,20.0,13.5,274.0,12.5,2.8,47.0,3.0,32.63976108,71.89520408
2024-09-01 00:00:00,22.4,14.9,296.0,15.2,2.8,45.0,4.0,32.63976108,71.89520408
2024-09-01 01:00:00,22.3,14.8,276.0,11.7,3.0,58.0,4.0,32.63976108,71.89520408
2024-09-01 02:00:00,24.6,16.5,249.0,6.9,3.4,76.0,4.0,32.63976108,71.89520408
2024-09-01 03:00:00,22.2,14.8,225.0,3.1,3.5,91.0,4.0,32.63976108,71.89520408
2024-09-01 04:00:00,21.4,14.2,209.0,1.5,3.3,100.0,4.0,32.63976108,71.89520408
2024-09-01 05:00:00,20.0,13.3,196.0,1.0,2.9,106.0,4.0,32.63976108,71.89520408
2024-09-01 06:00:00,19.3,12.8,187.0,0.8,2.5,110.0,4.0,32.63976108,71.89520408
2024-09-01 07:00:00,18.9,12.4,182.0,0.6,2.2,111.0,4.0,32.63976108,71.89520408
2024-09-01 08:00:00,18.8,12.2,181.0,0.5,1.9,110.0,5.0,32.63976108,71.89520408
2024-09-01 09:00:00,18.7,12.1,182.0,0.6,1.7,109.0,5.0,32.63976108,71.89520408
2024-09-01 10:00:00,18.9,12.3,182.0,0.5,1.6,110.0,5.0,32.63976108,71.89520408
2024-09-01 11:00:00,19.2,12.5,184.0,0.4,1.7,112.0,4.0,32.63976108,71.89520408
2024-09-01 12:00:00,8.6,5.7,186.0,0.8,1.5,99.0,2.0,32.63976108,71.89520408
2024-09-01 13:00:00,9.9,6.6,212.0,2.5,1.7,91.0,2.0,32.63976108,71.89520408
2024-09-01 14:00:00,13.1,9.0,248.0,4.9,2.1,79.0,1.0,32.63976108,71.89520408
2024-09-01 15:00:00,16.5,11.4,283.0,7.1,2.4,69.0,1.0,32.63976108,71.89520408
2024-09-01 16:00:00,18.5,12.8,316.0,8.8,2.7,61.0,1.0,32.63976108,71.89520408
2024-09-01 17:00:00,20.4,14.2,346.0,10.4,3.0,54.0,0.0,32.63976108,71.89520408
2024-09-01 18:00:00,21.5,15.0,366.0,11.6,3.3,49.0,0.0,32.63976108,71.89520408
2024-09-01 19:00:00,20.8,14.5,366.0,12.2,3.5,46.0,0.0,32.63976108,71.89520408
2024-09-01 20:00:00,20.0,13.9,355.0,12.6,3.6,45.0,0.0,32.63976108,71.89520408
2024-09-01 21:00:00,19.6,13.6,346.0,13.0,3.6,43.0,0.0,32.63976108,71.89520408
2024-09-01 22:00:00,19.4,13.4,346.0,14.3,3.4,37.0,0.0,32.63976108,71.89520408
2024-09-01 23:00:00,19.1,13.2,348.0,15.8,3.2,30.0,1.0,32.63976108,71.89520408
2024-09-02 00:00:00,22.1,15.3,357.0,17.6,4.2,38.0,1.0,32.63976108,71.89520408
2024-09-02 01:00:00,22.5,15.5,335.0,13.6,4.9,56.0,1.0,32.63976108,71.89520408
2024-09-02 02:00:00,24.3,16.9,304.0,8.1,5.8,80.0,1.0,32.63976108,71.89520408
2024-09-02 03:00:00,24.0,16.5,276.0,3.8,6.4,101.0,1.0,32.63976108,71.89520408
2024-09-02 04:00:00,17.1,11.7,254.0,1.9,6.6,114.0,1.0,32.63976108,71.89520408
2024-09-02 05:00:00,15.6,10.6,235.0,1.2,6.6,124.0,1.0,32.63976108,71.89520408
2024-09-02 06:00:00,16.1,10.9,223.0,0.8,6.2,130.0,1.0,32.63976108,71.89520408
2024-09-02 07:00:00,18.8,12.9,221.0,0.6,5.1,131.0,1.0,32.63976108,71.89520408
2024-09-02 08:00:00,20.0,13.7,226.0,0.8,3.6,129.0,1.0,32.63976108,71.89520408
2024-09-02 09:00:00,21.8,15.0,230.0,1.0,2.5,126.0,1.0,32.63976108,71.89520408
2024-09-02 10:00:00,21.1,14.6,228.0,1.0,2.1,124.0,1.0,32.63976108,71.89520408
2024-09-02 11:00:00,20.7,14.3,225.0,1.0,2.0,121.0,1.0,32.63976108,71.89520408
2024-09-02 12:00:00,21.7,15.0,215.0,1.4,1.4,103.0,1.0,32.63976108,71.89520408
2024-09-02 13:00:00,21.1,14.6,228.0,2.2,1.4,98.0,1.0,32.63976108,71.89520408
2024-09-02 14:00:00,21.3,14.8,246.0,3.3,1.4,91.0,0.0,32.63976108,71.89520408
2024-09-02 15:00:00,22.4,15.6,262.0,4.3,1.5,85.0,0.0,32.63976108,71.89520408
2024-09-02 16:00:00,24.6,17.1,273.0,5.0,1.7,80.0,0.0,32.63976108,71.89520408
2024-09-02 17:00:00,25.3,17.6,281.0,5.6,1.9,75.0,1.0,32.63976108,71.89520408
2024-09-02 18:00:00,22.9,15.9,285.0,5.8,2.1,74.0,1.0,32.63976108,71.89520408
2024-09-02 19:00:00,21.9,15.1,283.0,5.5,2.3,77.0,1.0,32.63976108,71.89520408
2024-09-02 20:00:00,21.0,14.6,277.0,4.8,2.4,83.0,1.0,32.63976108,71.89520408
2024-09-02 21:00:00,19.3,13.3,269.0,4.0,2.4,89.0,1.0,32.63976108,71.89520408
2024-09-02 22:00:00,15.3,10.4,257.0,3.2,2.1,96.0,1.0,32.63976108,71.89520408
2024-09-02 23:00:00,10.6,7.3,242.0,2.4,1.6,104.0,1.0,32.63976108,71.89520408
2024-09-03 00:00:00,15.7,10.9,286.0,3.1,2.6,100.0,0.0,32.63976108,71.89520408
2024-09-03 01:00:00,12.0,8.4,287.0,3.0,2.7,99.0,0.0,32.63976108,71.89520408
2024-09-03 02:00:00,11.1,7.7,288.0,2.9,2.9,98.0,0.0,32.63976108,71.89520408
2024-09-03 03:00:00,10.2,7.1,288.0,2.7,2.9,100.0,0.0,32.63976108,71.89520408
2024-09-03 04:00:00,9.7,6.8,285.0,2.2,2.6,108.0,0.0,32.63976108,71.89520408
2024-09-03 05:00:00,9.8,6.8,280.0,1.5,2.2,119.0,0.0,32.63976108,71.89520408
2024-09-03 06:00:00,10.8,7.5,276.0,1.0,1.9,128.0,0.0,32.63976108,71.89520408
2024-09-03 07:00:00,11.4,7.9,273.0,0.8,1.7,132.0,0.0,32.63976108,71.89520408
2024-09-03 08:00:00,11.8,8.2,269.0,0.8,1.7,135.0,0.0,32.63976108,71.89520408
2024-09-03 09:00:00,12.8,8.8,267.0,0.8,1.6,136.0,0.0,32.63976108,71.89520408
2024-09-03 10:00:00,13.5,9.3,262.0,0.6,1.5,138.0,0.0,32.63976108,71.89520408
2024-09-03 11:00:00,15.0,10.2,257.0,0.5,1.5,139.0,1.0,32.63976108,71.89520408
2024-09-03 12:00:00,23.6,16.4,247.0,1.0,1.1,134.0,0.0,32.63976108,71.89520408
2024-09-03 13:00:00,26.1,18.2,275.0,2.9,1.3,125.0,0.0,32.63976108,71.89520408
2024-09-03 14:00:00,30.0,20.9,314.0,5.7,1.6,113.0,0.0,32.63976108,71.89520408
2024-09-03 15:00:00,34.8,24.2,354.0,8.3,1.9,101.0,0.0,32.63976108,71.89520408
2024-09-03 16:00:00,38.9,27.1,397.0,10.7,2.2,92.0,0.0,32.63976108,71.89520408
2024-09-03 17:00:00,42.1,29.3,439.0,12.9,2.6,84.0,0.0,32.63976108,71.89520408
2024-09-03 18:00:00,42.3,29.5,461.0,14.1,2.7,76.0,0.0,32.63976108,71.89520408
2024-09-03 19:00:00,37.0,25.8,450.0,13.6,2.5,67.0,0.0,32.63976108,71.89520408
2024-09-03 20:00:00,33.2,23.2,418.0,12.0,2.1,59.0,0.0,32.63976108,71.89520408
2024-09-03 21:00:00,32.0,22.3,382.0,10.3,1.8,57.0,0.0,32.63976108,71.89520408
2024-09-03 22:00:00,29.2,20.0,343.0,8.5,1.7,64.0,1.0,32.63976108,71.89520408
2024-09-03 23:00:00,27.4,18.7,300.0,6.6,1.6,76.0,1.0,32.63976108,71.89520408
2024-09-04 00:00:00,34.7,24.0,437.0,17.8,2.2,37.0,1.0,32.63976108,71.89520408
2024-09-04 01:00:00,34.2,23.6,403.0,13.5,2.6,59.0,1.0,32.63976108,71.89520408
2024-09-04 02:00:00,36.4,25.3,355.0,7.5,3.1,90.0,1.0,32.63976108,71.89520408
2024-09-04 03:00:00,33.9,23.4,314.0,3.0,3.3,115.0,1.0,32.63976108,71.89520408
2024-09-04 04:00:00,29.5,20.4,289.0,1.3,3.0,126.0,1.0,32.63976108,71.89520408
2024-09-04 05:00:00,26.2,18.1,271.0,0.9,2.5,131.0,0.0,32.63976108,71.89520408
2024-09-04 06:00:00,24.3,16.8,258.0,0.8,2.0,134.0,0.0,32.63976108,71.89520408
2024-09-04 07:00:00,23.7,16.4,249.0,0.6,1.8,135.0,0.0,32.63976108,71.89520408
2024-09-04 08:00:00,23.3,16.1,245.0,0.6,1.6,133.0,1.0,32.63976108,71.89520408
2024-09-04 09:00:00,23.8,16.2,243.0,0.7,1.5,132.0,1.0,32.63976108,71.89520408
2024-09-04 10:00:00,23.7,16.1,237.0,0.5,1.4,133.0,1.0,32.63976108,71.89520408
2024-09-04 11:00:00,23.9,16.3,233.0,0.4,1.3,134.0,2.0,32.63976108,71.89520408
2024-09-04 12:00:00,18.9,12.9,232.0,1.0,1.6,129.0,1.0,32.63976108,71.89520408
2024-09-04 13:00:00,19.8,13.6,251.0,2.2,1.7,118.0,1.0,32.63976108,71.89520408
2024-09-04 14:00:00,21.9,15.1,278.0,3.9,1.9,103.0,0.0,32.63976108,71.89520408
2024-09-04 15:00:00,23.8,16.5,305.0,5.6,2.0,89.0,0.0,32.63976108,71.89520408
2024-09-04 16:00:00,25.3,17.6,331.0,7.0,2.1,78.0,0.0,32.63976108,71.89520408
2024-09-04 17:00:00,26.5,18.5,357.0,8.4,2.1,68.0,0.0,32.63976108,71.89520408
2024-09-04 18:00:00,27.0,18.7,376.0,9.7,2.1,60.0,0.0,32.63976108,71.89520408
2024-09-04 19:00:00,26.3,18.3,383.0,10.8,2.0,53.0,0.0,32.63976108,71.89520408
2024-09-04 20:00:00,25.7,17.9,383.0,11.7,1.8,47.0,0.0,32.63976108,71.89520408
2024-09-04 21:00:00,25.3,17.6,383.0,12.6,1.6,42.0,0.0,32.63976108,71.89520408
2024-09-04 22:00:00,24.9,17.3,390.0,14.0,1.5,35.0,0.0,32.63976108,71.89520408
2024-09-04 23:00:00,24.6,17.2,398.0,15.3,1.4,28.0,0.0,32.63976108,71.89520408
2024-09-05 00:00:00,26.6,18.5,393.0,15.3,1.7,37.0,0.0,32.63976108,71.89520408
2024-09-05 01:00:00,27.0,18.7,369.0,11.9,1.9,56.0,0.0,32.63976108,71.89520408
2024-09-05 02:00:00,29.7,20.7,335.0,7.2,2.3,84.0,1.0,32.63976108,71.89520408
2024-09-05 03:00:00,32.1,22.1,303.0,3.5,2.4,106.0,1.0,32.63976108,71.89520408
2024-09-05 04:00:00,31.8,21.8,277.0,1.8,2.1,119.0,1.0,32.63976108,71.89520408
2024-09-05 05:00:00,30.2,20.4,254.0,1.1,1.7,128.0,2.0,32.63976108,71.89520408
2024-09-05 06:00:00,29.2,19.7,237.0,0.7,1.4,133.0,2.0,32.63976108,71.89520408
2024-09-05 07:00:00,29.2,19.4,230.0,0.4,1.4,135.0,3.0,32.63976108,71.89520408
2024-09-05 08:00:00,31.0,20.3,229.0,0.5,1.5,134.0,4.0,32.63976108,71.89520408
2024-09-05 09:00:00,30.5,20.0,231.0,0.6,1.6,133.0,4.0,32.63976108,71.89520408
2024-09-05 10:00:00,31.7,20.8,231.0,0.5,1.7,135.0,4.0,32.63976108,71.89520408
2024-09-05 11:00:00,33.1,21.8,233.0,0.4,1.9,136.0,3.0,32.63976108,71.89520408
2024-09-05 12:00:00,35.9,24.2,229.0,1.0,2.2,133.0,2.0,32.63976108,71.89520408
2024-09-05 13:00:00,39.6,26.8,253.0,2.4,2.4,122.0,2.0,32.63976108,71.89520408
2024-09-05 14:00:00,42.5,28.9,286.0,4.3,2.7,107.0,1.0,32.63976108,71.89520408
2024-09-05 15:00:00,45.9,31.3,318.0,6.0,2.9,93.0,1.0,32.63976108,71.89520408
2024-09-05 16:00:00,48.3,32.9,345.0,7.2,3.0,83.0,1.0,32.63976108,71.89520408
2024-09-05 17:00:00,49.7,34.0,370.0,8.2,3.0,74.0,1.0,32.63976108,71.89520408
2024-09-05 18:00:00,50.4,34.3,388.0,9.1,2.9,66.0,1.0,32.63976108,71.89520408
2024-09-05 19:00:00,49.4,33.6,394.0,10.0,2.7,59.0,1.0,32.63976108,71.89520408
2024-09-05 20:00:00,48.3,32.8,393.0,10.9,2.4,53.0,1.0,32.63976108,71.89520408
2024-09-05 21:00:00,47.6,32.2,396.0,11.6,2.2,48.0,1.0,32.63976108,71.89520408
2024-09-05 22:00:00,46.1,31.3,406.0,12.5,2.0,41.0,1.0,32.63976108,71.89520408
2024-09-05 23:00:00,44.9,30.9,421.0,13.4,1.9,36.0,1.0,32.63976108,71.89520408
2024-09-06 00:00:00,50.5,34.3,427.0,12.1,2.6,53.0,2.0,32.63976108,71.89520408
2024-09-06 01:00:00,53.6,36.4,439.0,9.9,3.3,66.0,2.0,32.63976108,71.89520408
2024-09-06 02:00:00,55.8,38.1,456.0,6.8,4.2,85.0,2.0,32.63976108,71.89520408
2024-09-06 03:00:00,58.7,40.2,462.0,4.3,4.9,104.0,2.0,32.63976108,71.89520408
2024-09-06 04:00:00,61.7,42.1,452.0,2.8,5.3,122.0,2.0,32.63976108,71.89520408
2024-09-06 05:00:00,65.4,43.8,432.0,1.9,5.5,139.0,3.0,32.63976108,71.89520408
2024-09-06 06:00:00,61.9,41.8,409.0,1.3,5.3,151.0,4.0,32.63976108,71.89520408
2024-09-06 07:00:00,54.8,35.6,380.0,0.9,4.5,154.0,7.0,32.63976108,71.89520408
2024-09-06 08:00:00,51.3,31.7,348.0,0.9,3.3,151.0,12.0,32.63976108,71.89520408
2024-09-06 09:00:00,51.6,31.7,325.0,0.9,2.4,147.0,15.0,32.63976108,71.89520408
2024-09-06 10:00:00,52.2,32.1,313.0,0.8,2.0,145.0,17.0,32.63976108,71.89520408
2024-09-06 11:00:00,52.6,32.1,310.0,0.7,1.9,143.0,17.0,32.63976108,71.89520408
2024-09-06 12:00:00,39.1,23.6,318.0,1.3,2.1,145.0,14.0,32.63976108,71.89520408
2024-09-06 13:00:00,42.3,26.7,334.0,2.5,2.2,132.0,12.0,32.63976108,71.89520408
2024-09-06 14:00:00,43.2,27.9,357.0,4.3,2.3,113.0,10.0,32.63976108,71.89520408
2024-09-06 15:00:00,45.9,29.7,384.0,6.2,2.4,96.0,8.0,32.63976108,71.89520408
2024-09-06 16:00:00,48.4,31.5,425.0,8.7,2.6,81.0,8.0,32.63976108,71.89520408
2024-09-06 17:00:00,50.3,32.7,470.0,11.4,2.7,68.0,8.0,32.63976108,71.89520408
2024-09-06 18:00:00,51.8,33.6,488.0,12.6,2.8,62.0,9.0,32.63976108,71.89520408
2024-09-06 19:00:00,50.6,32.8,454.0,11.1,2.7,67.0,9.0,32.63976108,71.89520408
2024-09-06 20:00:00,47.0,29.8,393.0,8.1,2.4,79.0,10.0,32.63976108,71.89520408
2024-09-06 21:00:00,41.3,26.4,344.0,5.8,2.2,88.0,10.0,32.63976108,71.89520408
2024-09-06 22:00:00,38.4,25.1,325.0,5.1,2.1,88.0,9.0,32.63976108,71.89520408
2024-09-06 23:00:00,39.3,25.3,318.0,5.0,2.0,85.0,9.0,32.63976108,71.89520408
2024-09-07 00:00:00,41.1,27.1,350.0,6.2,2.2,69.0,7.0,32.63976108,71.89520408
2024-09-07 01:00:00,42.1,27.6,348.0,5.3,2.4,78.0,8.0,32.63976108,71.89520408
2024-09-07 02:00:00,44.1,28.7,344.0,4.1,2.6,91.0,8.0,32.63976108,71.89520408
2024-09-07 03:00:00,46.6,30.0,340.0,3.0,2.8,104.0,9.0,32.63976108,71.89520408
2024-09-07 04:00:00,47.7,30.7,336.0,2.1,2.9,119.0,9.0,32.63976108,71.89520408
2024-09-07 05:00:00,47.6,30.5,331.0,1.4,2.9,134.0,10.0,32.63976108,71.89520408
2024-09-07 06:00:00,48.1,30.4,327.0,0.9,2.9,145.0,11.0,32.63976108,71.89520408
2024-09-07 07:00:00,50.3,31.2,323.0,0.7,2.8,148.0,13.0,32.63976108,71.89520408
2024-09-07 08:00:00,52.7,31.7,318.0,0.7,2.6,147.0,17.0,32.63976108,71.89520408
2024-09-07 09:00:00,54.4,32.2,315.0,0.7,2.5,145.0,20.0,32.63976108,71.89520408
2024-09-07 10:00:00,56.9,32.8,309.0,0.6,2.4,145.0,24.0,32.63976108,71.89520408
2024-09-07 11:00:00,60.5,34.0,304.0,0.5,2.2,144.0,28.0,32.63976108,71.89520408
2024-09-07 12:00:00,46.4,24.9,268.0,1.0,1.7,142.0,28.0,32.63976108,71.89520408
2024-09-07 13:00:00,46.9,25.6,298.0,2.8,1.9,134.0,27.0,32.63976108,71.89520408
2024-09-07 14:00:00,54.9,31.3,342.0,5.3,2.3,122.0,26.0,32.63976108,71.89520408
2024-09-07 15:00:00,59.1,34.5,385.0,7.6,2.6,111.0,25.0,32.63976108,71.89520408
2024-09-07 16:00:00,62.4,36.9,428.0,9.6,3.0,100.0,24.0,32.63976108,71.89520408
2024-09-07 17:00:00,65.0,38.8,471.0,11.4,3.4,90.0,23.0,32.63976108,71.89520408
2024-09-07 18:00:00,65.9,39.6,498.0,12.5,3.7,83.0,23.0,32.63976108,71.89520408
2024-09-07 19:00:00,65.7,39.2,498.0,12.5,4.0,82.0,24.0,32.63976108,71.89520408
2024-09-07 20:00:00,65.7,39.0,482.0,11.9,4.3,85.0,25.0,32.63976108,71.89520408
2024-09-07 21:00:00,66.4,39.0,467.0,11.5,4.4,86.0,26.0,32.63976108,71.89520408
2024-09-07 22:00:00,66.8,38.9,459.0,12.0,4.3,82.0,26.0,32.63976108,71.89520408
2024-09-07 23:00:00,65.7,38.2,453.0,12.7,4.1,77.0,27.0,32.63976108,71.89520408
2024-09-08 00:00:00,62.6,36.9,463.0,14.0,3.4,65.0,24.0,32.63976108,71.89520408
2024-09-08 01:00:00,60.1,35.6,448.0,11.2,3.7,81.0,25.0,32.63976108,71.89520408
2024-09-08 02:00:00,62.2,37.0,426.0,7.3,4.0,103.0,26.0,32.63976108,71.89520408
2024-09-08 03:00:00,68.7,40.0,401.0,4.1,4.1,121.0,26.0,32.63976108,71.89520408
2024-09-08 04:00:00,67.1,37.8,369.0,2.4,3.8,132.0,26.0,32.63976108,71.89520408
2024-09-08 05:00:00,59.6,33.1,333.0,1.4,3.2,140.0,25.0,32.63976108,71.89520408
2024-09-08 06:00:00,53.8,30.2,305.0,0.8,2.7,145.0,24.0,32.63976108,71.89520408
2024-09-08 07:00:00,49.0,27.8,290.0,0.5,2.3,146.0,22.0,32.63976108,71.89520408
2024-09-08 08:00:00,44.7,25.6,283.0,0.5,2.0,144.0,19.0,32.63976108,71.89520408
2024-09-08 09:00:00,42.5,24.5,279.0,0.6,1.7,142.0,17.0,32.63976108,71.89520408
2024-09-08 10:00:00,41.3,23.9,272.0,0.4,1.5,142.0,16.0,32.63976108,71.89520408
2024-09-08 11:00:00,40.7,23.6,268.0,0.3,1.5,142.0,16.0,32.63976108,71.89520408
2024-09-08 12:00:00,65.0,36.9,274.0,1.0,1.8,138.0,28.0,32.63976108,71.89520408
2024-09-08 13:00:00,67.8,39.7,306.0,2.9,2.0,127.0,27.0,32.63976108,71.89520408
2024-09-08 14:00:00,71.5,42.5,351.0,5.7,2.4,110.0,25.0,32.63976108,71.89520408
2024-09-08 15:00:00,75.2,45.1,392.0,8.0,2.7,97.0,24.0,32.63976108,71.89520408
2024-09-08 16:00:00,78.0,46.9,425.0,9.5,3.1,89.0,24.0,32.63976108,71.89520408
2024-09-08 17:00:00,79.9,47.8,452.0,10.7,3.5,83.0,24.0,32.63976108,71.89520408
2024-09-08 18:00:00,80.1,48.0,469.0,11.4,3.8,79.0,25.0,32.63976108,71.89520408
2024-09-08 19:00:00,79.4,47.4,468.0,11.6,4.0,77.0,25.0,32.63976108,71.89520408
2024-09-08 20:00:00,79.4,47.1,457.0,11.4,4.2,76.0,26.0,32.63976108,71.89520408
2024-09-08 21:00:00,80.3,47.3,443.0,11.1,4.3,77.0,27.0,32.63976108,71.89520408
2024-09-08 22:00:00,82.2,47.7,431.0,10.9,4.4,79.0,30.0,32.63976108,71.89520408
2024-09-08 23:00:00,85.2,48.7,418.0,10.7,4.5,82.0,35.0,32.63976108,71.89520408
2024-09-09 00:00:00,91.5,51.2,409.0,10.0,4.9,88.0,40.0,32.63976108,71.89520408
2024-09-09 01:00:00,93.8,52.2,394.0,8.0,5.0,97.0,42.0,32.63976108,71.89520408
2024-09-09 02:00:00,98.7,54.7,373.0,5.2,5.2,111.0,45.0,32.63976108,71.89520408
2024-09-09 03:00:00,95.5,52.3,352.0,3.0,5.1,122.0,46.0,32.63976108,71.89520408
2024-09-09 04:00:00,91.0,50.2,332.0,1.8,4.5,130.0,44.0,32.63976108,71.89520408
2024-09-09 05:00:00,86.8,48.1,313.0,1.1,3.7,137.0,41.0,32.63976108,71.89520408
2024-09-09 06:00:00,83.1,46.0,297.0,0.7,3.0,141.0,38.0,32.63976108,71.89520408
2024-09-09 07:00:00,78.9,43.8,285.0,0.5,2.7,140.0,36.0,32.63976108,71.89520408
2024-09-09 08:00:00,75.4,41.8,277.0,0.4,2.5,137.0,35.0,32.63976108,71.89520408
2024-09-09 09:00:00,73.3,40.7,271.0,0.5,2.4,134.0,34.0,32.63976108,71.89520408
2024-09-09 10:00:00,71.2,39.7,265.0,0.4,2.4,134.0,33.0,32.63976108,71.89520408
2024-09-09 11:00:00,69.8,38.9,261.0,0.3,2.4,134.0,32.0,32.63976108,71.89520408
2024-09-09 12:00:00,75.9,42.8,270.0,0.9,2.3,130.0,32.0,32.63976108,71.89520408
2024-09-09 13:00:00,75.9,44.4,300.0,2.5,2.5,120.0,29.0,32.63976108,71.89520408
2024-09-09 14:00:00,78.9,46.8,343.0,4.9,2.9,106.0,24.0,32.63976108,71.89520408
2024-09-09 15:00:00,79.6,48.1,384.0,7.0,3.2,93.0,21.0,32.63976108,71.89520408
2024-09-09 16:00:00,79.2,48.5,424.0,8.8,3.5,83.0,19.0,32.63976108,71.89520408
2024-09-09 17:00:00,79.9,49.2,462.0,10.4,3.8,74.0,18.0,32.63976108,71.89520408
2024-09-09 18:00:00,81.0,49.5,487.0,11.6,4.1,68.0,18.0,32.63976108,71.89520408
2024-09-09 19:00:00,80.8,49.0,490.0,12.1,4.4,67.0,19.0,32.63976108,71.89520408
2024-09-09 20:00:00,81.3,48.5,480.0,12.2,4.7,70.0,21.0,32.63976108,71.89520408
2024-09-09 21:00:00,82.2,48.7,469.0,12.2,4.9,73.0,23.0,32.63976108,71.89520408
2024-09-09 22:00:00,83.8,49.1,461.0,12.4,5.1,74.0,25.0,32.63976108,71.89520408
2024-09-09 23:00:00,86.4,50.2,451.0,12.6,5.3,75.0,28.0,32.63976108,71.89520408
2024-09-10 00:00:00,89.2,51.3,439.0,11.4,6.2,87.0,30.0,32.63976108,71.89520408
2024-09-10 01:00:00,85.7,49.9,424.0,9.1,6.1,95.0,30.0,32.63976108,71.89520408
2024-09-10 02:00:00,82.7,49.1,402.0,5.9,6.1,107.0,29.0,32.63976108,71.89520408
2024-09-10 03:00:00,88.7,51.0,380.0,3.3,5.9,118.0,29.0,32.63976108,71.89520408
2024-09-10 04:00:00,84.8,46.9,358.0,1.9,5.7,128.0,30.0,32.63976108,71.89520408
2024-09-10 05:00:00,81.7,45.2,334.0,1.2,5.4,139.0,31.0,32.63976108,71.89520408
2024-09-10 06:00:00,76.8,42.3,315.0,0.7,5.0,145.0,32.0,32.63976108,71.89520408
2024-09-10 07:00:00,73.1,40.2,301.0,0.5,4.5,146.0,32.0,32.63976108,71.89520408
2024-09-10 08:00:00,70.3,38.6,290.0,0.5,4.0,143.0,31.0,32.63976108,71.89520408
2024-09-10 09:00:00,68.7,37.7,283.0,0.6,3.6,140.0,30.0,32.63976108,71.89520408
2024-09-10 10:00:00,68.0,37.3,278.0,0.5,3.6,140.0,29.0,32.63976108,71.89520408
2024-09-10 11:00:00,67.8,37.1,277.0,0.5,3.8,141.0,29.0,32.63976108,71.89520408
2024-09-10 12:00:00,49.2,27.5,275.0,1.1,4.0,140.0,19.0,32.63976108,71.89520408
2024-09-10 13:00:00,53.3,31.0,302.0,2.7,4.0,126.0,18.0,32.63976108,71.89520408
2024-09-10 14:00:00,56.8,33.3,342.0,5.0,4.1,106.0,16.0,32.63976108,71.89520408
2024-09-10 15:00:00,58.6,35.0,382.0,7.2,4.1,88.0,15.0,32.63976108,71.89520408
2024-09-10 16:00:00,59.4,36.1,425.0,9.3,4.1,75.0,15.0,32.63976108,71.89520408
2024-09-10 17:00:00,62.2,37.6,469.0,11.4,4.1,65.0,16.0,32.63976108,71.89520408
2024-09-10 18:00:00,63.6,38.1,497.0,13.0,4.1,59.0,17.0,32.63976108,71.89520408
2024-09-10 19:00:00,63.3,37.4,499.0,13.6,4.2,59.0,19.0,32.63976108,71.89520408
2024-09-10 20:00:00,63.6,37.0,486.0,13.7,4.3,62.0,21.0,32.63976108,71.89520408
2024-09-10 21:00:00,65.4,37.5,474.0,13.8,4.3,64.0,23.0,32.63976108,71.89520408
2024-09-10 22:00:00,66.4,37.7,470.0,14.5,4.2,60.0,24.0,32.63976108,71.89520408
2024-09-10 23:00:00,65.9,37.3,467.0,15.3,4.0,56.0,24.0,32.63976108,71.89520408
2024-09-11 00:00:00,66.1,37.6,477.0,15.7,4.2,55.0,24.0,32.63976108,71.89520408
2024-09-11 01:00:00,64.3,36.8,450.0,12.3,4.4,71.0,24.0,32.63976108,71.89520408
2024-09-11 02:00:00,65.4,38.0,412.0,7.5,4.6,93.0,24.0,32.63976108,71.89520408
2024-09-11 03:00:00,67.1,38.2,376.0,3.8,4.8,112.0,24.0,32.63976108,71.89520408
2024-09-11 04:00:00,68.0,37.8,344.0,2.0,4.8,125.0,25.0,32.63976108,71.89520408
2024-09-11 05:00:00,62.4,33.8,313.0,1.3,4.8,134.0,27.0,32.63976108,71.89520408
2024-09-11 06:00:00,58.7,31.3,290.0,0.8,4.6,140.0,28.0,32.63976108,71.89520408
2024-09-11 07:00:00,57.0,30.5,277.0,0.5,4.3,142.0,28.0,32.63976108,71.89520408
2024-09-11 08:00:00,55.8,29.8,272.0,0.5,3.9,141.0,28.0,32.63976108,71.89520408
2024-09-11 09:00:00,54.9,29.3,268.0,0.6,3.6,139.0,27.0,32.63976108,71.89520408
2024-09-11 10:00:00,53.7,28.8,261.0,0.5,3.4,138.0,26.0,32.63976108,71.89520408
2024-09-11 11:00:00,52.5,28.3,255.0,0.4,3.2,136.0,24.0,32.63976108,71.89520408
2024-09-11 12:00:00,43.9,24.0,257.0,1.0,3.2,143.0,20.0,32.63976108,71.89520408
2024-09-11 13:00:00,46.3,27.0,290.0,2.8,3.3,131.0,19.0,32.63976108,71.89520408
2024-09-11 14:00:00,49.7,29.1,335.0,5.3,3.6,114.0,17.0,32.63976108,71.89520408
2024-09-11 15:00:00,55.1,32.6,375.0,7.3,3.8,100.0,16.0,32.63976108,71.89520408
2024-09-11 16:00:00,59.0,35.3,404.0,8.3,4.1,93.0,16.0,32.63976108,71.89520408
2024-09-11 17:00:00,60.1,35.9,426.0,8.8,4.4,90.0,17.0,32.63976108,71.89520408
2024-09-11 18:00:00,59.8,35.5,437.0,9.0,4.7,88.0,18.0,32.63976108,71.89520408
2024-09-11 19:00:00,59.1,34.7,431.0,9.0,4.9,89.0,18.0,32.63976108,71.89520408
2024-09-11 20:00:00,58.6,34.1,414.0,8.8,5.0,91.0,19.0,32.63976108,71.89520408
2024-09-11 21:00:00,58.3,33.8,397.0,8.5,5.1,94.0,19.0,32.63976108,71.89520408
2024-09-11 22:00:00,58.2,33.5,384.0,8.4,5.2,96.0,20.0,32.63976108,71.89520408
2024-09-11 23:00:00,58.6,33.4,373.0,8.2,5.3,99.0,21.0,32.63976108,71.89520408
2024-09-12 00:00:00,58.3,33.1,379.0,9.8,4.4,80.0,20.0,32.63976108,71.89520408
2024-09-12 01:00:00,59.0,33.4,377.0,8.1,4.6,89.0,21.0,32.63976108,71.89520408
2024-09-12 02:00:00,61.9,35.3,374.0,5.6,4.8,102.0,21.0,32.63976108,71.89520408
2024-09-12 03:00:00,64.5,36.4,366.0,3.6,5.0,115.0,22.0,32.63976108,71.89520408
2024-09-12 04:00:00,68.5,38.3,349.0,2.3,5.3,126.0,23.0,32.63976108,71.89520408
2024-09-12 05:00:00,64.0,35.4,328.0,1.4,5.6,137.0,23.0,32.63976108,71.89520408
2024-09-12 06:00:00,58.7,32.1,309.0,0.8,5.7,144.0,23.0,32.63976108,71.89520408
2024-09-12 07:00:00,55.4,30.3,296.0,0.5,5.3,145.0,23.0,32.63976108,71.89520408
2024-09-12 08:00:00,52.9,28.9,285.0,0.5,4.7,143.0,22.0,32.63976108,71.89520408
2024-09-12 09:00:00,51.3,28.2,278.0,0.6,4.2,140.0,21.0,32.63976108,71.89520408
2024-09-12 10:00:00,50.3,27.6,270.0,0.5,3.8,138.0,20.0,32.63976108,71.89520408
2024-09-12 11:00:00,50.1,27.5,265.0,0.5,3.4,134.0,18.0,32.63976108,71.89520408
2024-09-12 12:00:00,57.7,31.9,255.0,1.2,3.1,132.0,22.0,32.63976108,71.89520408
2024-09-12 13:00:00,61.2,35.2,283.0,2.7,3.1,122.0,20.0,32.63976108,71.89520408
2024-09-12 14:00:00,64.7,37.7,324.0,4.8,3.1,107.0,18.0,32.63976108,71.89520408
2024-09-12 15:00:00,67.8,40.3,366.0,6.9,3.1,93.0,16.0,32.63976108,71.89520408
2024-09-12 16:00:00,70.5,42.4,411.0,9.0,3.1,80.0,15.0,32.63976108,71.89520408
2024-09-12 17:00:00,73.1,44.1,457.0,11.1,3.1,67.0,14.0,32.63976108,71.89520408
2024-09-12 18:00:00,74.7,45.3,494.0,12.9,3.0,55.0,13.0,32.63976108,71.89520408
2024-09-12 19:00:00,74.3,45.1,514.0,14.2,2.7,45.0,12.0,32.63976108,71.89520408
2024-09-12 20:00:00,73.3,44.6,523.0,15.0,2.4,36.0,11.0,32.63976108,71.89520408
2024-09-12 21:00:00,73.1,44.4,531.0,15.6,2.1,30.0,10.0,32.63976108,71.89520408
2024-09-12 22:00:00,70.8,43.9,539.0,16.0,2.0,25.0,9.0,32.63976108,71.89520408
2024-09-12 23:00:00,70.3,44.0,546.0,16.1,1.9,23.0,9.0,32.63976108,71.89520408
2024-09-13 00:00:00,83.4,51.9,485.0,8.3,3.8,63.0,8.0,32.63976108,71.89520408
2024-09-13 01:00:00,77.3,48.5,481.0,7.3,4.0,66.0,7.0,32.63976108,71.89520408
2024-09-13 02:00:00,69.8,45.2,475.0,5.9,4.2,72.0,7.0,32.63976108,71.89520408
2024-09-13 03:00:00,71.0,45.1,464.0,4.6,4.6,83.0,7.0,32.63976108,71.89520408
2024-09-13 04:00:00,71.5,45.1,446.0,3.3,5.2,104.0,8.0,32.63976108,71.89520408
2024-09-13 05:00:00,73.1,45.5,423.0,2.1,6.0,130.0,11.0,32.63976108,71.89520408
2024-09-13 06:00:00,77.1,46.7,401.0,1.2,6.4,150.0,13.0,32.63976108,71.89520408
2024-09-13 07:00:00,80.3,47.3,380.0,0.8,6.3,157.0,16.0,32.63976108,71.89520408
2024-09-13 08:00:00,77.5,44.7,361.0,0.7,5.9,158.0,19.0,32.63976108,71.89520408
2024-09-13 09:00:00,75.4,42.6,345.0,0.7,5.6,157.0,22.0,32.63976108,71.89520408
2024-09-13 10:00:00,74.3,41.2,330.0,0.5,5.4,157.0,24.0,32.63976108,71.89520408
2024-09-13 11:00:00,73.3,40.2,320.0,0.4,5.2,156.0,25.0,32.63976108,71.89520408
2024-09-13 12:00:00,86.1,45.4,317.0,1.2,4.9,149.0,42.0,32.63976108,71.89520408
2024-09-13 13:00:00,91.0,49.5,351.0,3.0,4.9,137.0,40.0,32.63976108,71.89520408
2024-09-13 14:00:00,91.7,50.9,398.0,5.4,4.9,121.0,36.0,32.63976108,71.89520408
2024-09-13 15:00:00,90.6,51.5,439.0,7.4,4.9,106.0,32.0,32.63976108,71.89520408
2024-09-13 16:00:00,85.0,49.8,469.0,8.4,4.9,96.0,27.0,32.63976108,71.89520408
2024-09-13 17:00:00,78.9,47.3,493.0,9.0,4.9,89.0,22.0,32.63976108,71.89520408
2024-09-13 18:00:00,76.4,45.8,510.0,9.4,4.8,82.0,19.0,32.63976108,71.89520408
2024-09-13 19:00:00,75.0,44.4,523.0,9.9,4.5,74.0,19.0,32.63976108,71.89520408
2024-09-13 20:00:00,72.4,42.4,528.0,10.3,4.2,66.0,21.0,32.63976108,71.89520408
2024-09-13 21:00:00,69.8,40.7,520.0,10.0,4.1,64.0,22.0,32.63976108,71.89520408
2024-09-13 22:00:00,68.7,40.0,486.0,8.5,4.3,70.0,19.0,32.63976108,71.89520408
2024-09-13 23:00:00,68.0,40.6,437.0,6.4,4.7,81.0,14.0,32.63976108,71.89520408
2024-09-14 00:00:00,71.0,45.6,487.0,4.3,10.3,100.0,10.0,32.63976108,71.89520408
2024-09-14 01:00:00,66.6,44.2,468.0,3.9,9.3,103.0,11.0,32.63976108,71.89520408
2024-09-14 02:00:00,66.6,42.6,441.0,3.2,7.8,108.0,13.0,32.63976108,71.89520408
2024-09-14 03:00:00,73.1,45.8,413.0,2.7,6.5,114.0,15.0,32.63976108,71.89520408
2024-09-14 04:00:00,73.3,45.3,383.0,2.4,5.6,120.0,17.0,32.63976108,71.89520408
2024-09-14 05:00:00,73.1,43.5,353.0,2.1,5.0,127.0,19.0,32.63976108,71.89520408
2024-09-14 06:00:00,65.7,39.1,331.0,1.9,4.4,134.0,21.0,32.63976108,71.89520408
2024-09-14 07:00:00,67.5,39.3,323.0,1.6,3.9,142.0,24.0,32.63976108,71.89520408
2024-09-14 08:00:00,88.7,50.3,323.0,1.3,3.4,151.0,28.0,32.63976108,71.89520408
2024-09-14 09:00:00,71.7,40.7,324.0,1.1,3.1,157.0,31.0,32.63976108,71.89520408
2024-09-14 10:00:00,75.0,41.9,322.0,1.1,3.0,160.0,35.0,32.63976108,71.89520408
2024-09-14 11:00:00,77.3,42.4,321.0,1.2,3.1,160.0,38.0,32.63976108,71.89520408
2024-09-14 12:00:00,75.2,40.5,297.0,1.2,3.4,154.0,43.0,32.63976108,71.89520408
2024-09-14 13:00:00,68.2,39.6,303.0,1.6,3.1,142.0,36.0,32.63976108,71.89520408
2024-09-14 14:00:00,62.9,37.4,311.0,2.1,2.6,125.0,27.0,32.63976108,71.89520408
2024-09-14 15:00:00,60.3,35.7,320.0,2.7,2.3,111.0,21.0,32.63976108,71.89520408
2024-09-14 16:00:00,59.8,35.3,329.0,3.3,2.3,104.0,21.0,32.63976108,71.89520408
2024-09-14 17:00:00,60.1,34.9,339.0,3.9,2.3,99.0,25.0,32.63976108,71.89520408
2024-09-14 18:00:00,62.6,35.6,347.0,4.7,2.4,95.0,28.0,32.63976108,71.89520408
2024-09-14 19:00:00,63.1,35.4,351.0,5.8,2.4,90.0,31.0,32.63976108,71.89520408
2024-09-14 20:00:00,63.6,35.2,353.0,7.1,2.3,85.0,33.0,32.63976108,71.89520408
2024-09-14 21:00:00,63.3,34.6,356.0,8.2,2.3,80.0,35.0,32.63976108,71.89520408
2024-09-14 22:00:00,62.4,33.8,361.0,9.4,2.3,74.0,36.0,32.63976108,71.89520408
2024-09-14 23:00:00,61.9,33.2,367.0,10.4,2.3,68.0,36.0,32.63976108,71.89520408
2024-09-15 00:00:00,56.7,31.2,366.0,9.5,2.0,59.0,30.0,32.63976108,71.89520408
2024-09-15 01:00:00,55.3,30.9,365.0,7.8,2.3,72.0,30.0,32.63976108,71.89520408
2024-09-15 02:00:00,58.6,32.6,362.0,5.4,2.7,91.0,31.0,32.63976108,71.89520408
2024-09-15 03:00:00,60.8,32.8,356.0,3.4,3.1,109.0,34.0,32.63976108,71.89520408
2024-09-15 04:00:00,56.8,29.6,345.0,2.2,3.5,126.0,39.0,32.63976108,71.89520408
2024-09-15 05:00:00,60.1,30.6,330.0,1.4,3.9,143.0,47.0,32.63976108,71.89520408
2024-09-15 06:00:00,68.2,32.4,316.0,0.8,4.1,154.0,55.0,32.63976108,71.89520408
2024-09-15 07:00:00,73.8,32.7,302.0,0.5,3.9,155.0,65.0,32.63976108,71.89520408
2024-09-15 08:00:00,75.2,32.2,289.0,0.5,3.4,149.0,75.0,32.63976108,71.89520408
2024-09-15 09:00:00,76.1,31.9,278.0,0.6,3.0,144.0,84.0,32.63976108,71.89520408
2024-09-15 10:00:00,77.3,31.8,267.0,0.5,2.8,141.0,91.0,32.63976108,71.89520408
2024-09-15 11:00:00,78.5,31.7,259.0,0.5,2.6,139.0,95.0,32.63976108,71.89520408
2024-09-15 12:00:00,71.0,29.2,240.0,1.3,2.9,119.0,84.0,32.63976108,71.89520408
2024-09-15 13:00:00,70.5,30.2,273.0,2.8,3.0,110.0,83.0,32.63976108,71.89520408
2024-09-15 14:00:00,74.5,32.7,320.0,5.0,3.0,97.0,81.0,32.63976108,71.89520408
2024-09-15 15:00:00,78.0,34.8,359.0,6.9,3.1,86.0,79.0,32.63976108,71.89520408
2024-09-15 16:00:00,79.9,35.9,387.0,8.3,3.2,80.0,78.0,32.63976108,71.89520408
2024-09-15 17:00:00,79.9,36.1,408.0,9.4,3.2,76.0,77.0,32.63976108,71.89520408
2024-09-15 18:00:00,78.5,35.3,415.0,10.1,3.3,74.0,77.0,32.63976108,71.89520408
2024-09-15 19:00:00,76.4,33.4,401.0,10.2,3.4,75.0,80.0,32.63976108,71.89520408
2024-09-15 20:00:00,76.6,32.1,372.0,9.9,3.5,78.0,85.0,32.63976108,71.89520408
2024-09-15 21:00:00,77.1,31.4,347.0,9.4,3.7,82.0,89.0,32.63976108,71.89520408
2024-09-15 22:00:00,77.8,31.2,329.0,8.9,4.1,86.0,93.0,32.63976108,71.89520408
2024-09-15 23:00:00,79.2,31.3,313.0,8.3,4.5,90.0,98.0,32.63976108,71.89520408
2024-09-16 00:00:00,73.3,32.1,468.0,17.6,2.7,36.0,73.0,32.63976108,71.89520408
2024-09-16 01:00:00,70.8,32.1,456.0,14.1,3.0,50.0,74.0,32.63976108,71.89520408
2024-09-16 02:00:00,73.6,34.5,437.0,9.3,3.3,71.0,76.0,32.63976108,71.89520408
2024-09-16 03:00:00,79.2,34.1,408.0,5.3,3.6,90.0,81.0,32.63976108,71.89520408
2024-09-16 04:00:00,89.9,35.9,359.0,3.1,3.8,107.0,94.0,32.63976108,71.89520408
2024-09-16 05:00:00,91.5,35.5,300.0,1.7,3.9,123.0,111.0,32.63976108,71.89520408
2024-09-16 06:00:00,95.0,35.9,256.0,0.8,3.9,134.0,123.0,32.63976108,71.89520408
2024-09-16 07:00:00,92.9,35.0,239.0,0.4,3.7,138.0,124.0,32.63976108,71.89520408
2024-09-16 08:00:00,89.2,33.8,237.0,0.5,3.5,137.0,118.0,32.63976108,71.89520408
2024-09-16 09:00:00,87.5,33.2,238.0,0.6,3.3,135.0,115.0,32.63976108,71.89520408
2024-09-16 10:00:00,88.0,33.2,236.0,0.5,3.3,135.0,117.0,32.63976108,71.89520408
2024-09-16 11:00:00,88.5,34.0,237.0,0.4,3.4,135.0,120.0,32.63976108,71.89520408
2024-09-16 12:00:00,108.0,39.3,235.0,0.9,3.6,124.0,149.0,32.63976108,71.89520408
2024-09-16 13:00:00,104.8,40.5,272.0,2.8,3.5,111.0,143.0,32.63976108,71.89520408
2024-09-16 14:00:00,107.6,43.0,324.0,5.5,3.5,92.0,134.0,32.63976108,71.89520408
2024-09-16 15:00:00,108.5,44.6,369.0,7.8,3.4,77.0,126.0,32.63976108,71.89520408
2024-09-16 16:00:00,107.3,45.1,398.0,9.3,3.3,69.0,120.0,32.63976108,71.89520408
2024-09-16 17:00:00,105.7,44.9,419.0,10.4,3.3,65.0,114.0,32.63976108,71.89520408
2024-09-16 18:00:00,102.0,44.0,437.0,11.6,3.2,61.0,109.0,32.63976108,71.89520408
2024-09-16 19:00:00,96.2,42.1,453.0,13.2,3.1,56.0,104.0,32.63976108,71.89520408
2024-09-16 20:00:00,93.1,41.0,466.0,14.8,2.9,50.0,99.0,32.63976108,71.89520408
2024-09-16 21:00:00,92.9,40.4,473.0,16.0,2.8,47.0,96.0,32.63976108,71.89520408
2024-09-16 22:00:00,94.1,40.2,473.0,16.7,2.9,45.0,98.0,32.63976108,71.89520408
2024-09-16 23:00:00,95.5,40.3,467.0,16.9,3.0,46.0,103.0,32.63976108,71.89520408
2024-09-17 00:00:00,81.5,39.1,579.0,20.2,2.6,23.0,66.0,32.63976108,71.89520408
2024-09-17 01:00:00,81.5,39.1,563.0,16.2,2.9,40.0,71.0,32.63976108,71.89520408
2024-09-17 02:00:00,85.0,41.6,538.0,10.7,3.3,64.0,77.0,32.63976108,71.89520408
2024-09-17 03:00:00,92.4,41.7,500.0,6.2,3.6,87.0,85.0,32.63976108,71.89520408
2024-09-17 04:00:00,92.7,39.3,436.0,3.6,3.6,106.0,94.0,32.63976108,71.89520408
2024-09-17 05:00:00,90.6,37.6,357.0,2.0,3.4,124.0,104.0,32.63976108,71.89520408
2024-09-17 06:00:00,94.5,37.7,297.0,0.9,3.3,135.0,112.0,32.63976108,71.89520408
2024-09-17 07:00:00,95.7,37.6,270.0,0.4,3.3,138.0,117.0,32.63976108,71.89520408
2024-09-17 08:00:00,94.8,36.8,260.0,0.4,3.4,134.0,120.0,32.63976108,71.89520408
2024-09-17 09:00:00,93.8,36.2,256.0,0.6,3.4,130.0,119.0,32.63976108,71.89520408
2024-09-17 10:00:00,92.4,35.7,252.0,0.7,3.3,126.0,113.0,32.63976108,71.89520408
2024-09-17 11:00:00,91.0,35.4,253.0,0.9,3.2,121.0,103.0,32.63976108,71.89520408
2024-09-17 12:00:00,71.5,30.9,237.0,1.4,2.8,110.0,78.0,32.63976108,71.89520408
2024-09-17 13:00:00,69.2,31.8,259.0,2.5,2.6,102.0,72.0,32.63976108,71.89520408
2024-09-17 14:00:00,65.4,31.8,291.0,4.0,2.4,91.0,64.0,32.63976108,71.89520408
2024-09-17 15:00:00,66.8,32.0,321.0,5.4,2.3,82.0,59.0,32.63976108,71.89520408
2024-09-17 16:00:00,68.7,32.8,348.0,6.7,2.3,78.0,58.0,32.63976108,71.89520408
2024-09-17 17:00:00,70.3,33.9,374.0,7.9,2.5,76.0,59.0,32.63976108,71.89520408
2024-09-17 18:00:00,71.0,34.1,389.0,8.8,2.6,75.0,61.0,32.63976108,71.89520408
2024-09-17 19:00:00,69.8,33.1,386.0,9.2,2.7,76.0,62.0,32.63976108,71.89520408
2024-09-17 20:00:00,69.6,32.4,373.0,9.2,2.7,79.0,63.0,32.63976108,71.89520408
2024-09-17 21:00:00,69.6,31.9,360.0,9.1,2.7,82.0,64.0,32.63976108,71.89520408
2024-09-17 22:00:00,69.6,31.4,350.0,9.1,2.7,84.0,65.0,32.63976108,71.89520408
2024-09-17 23:00:00,69.4,31.2,340.0,9.0,2.8,85.0,66.0,32.63976108,71.89520408
2024-09-18 00:00:00,75.4,35.4,502.0,16.4,3.3,42.0,64.0,32.63976108,71.89520408
2024-09-18 01:00:00,78.9,36.4,500.0,13.5,3.4,54.0,65.0,32.63976108,71.89520408
2024-09-18 02:00:00,83.8,39.1,494.0,9.5,3.5,72.0,66.0,32.63976108,71.89520408
2024-09-18 03:00:00,81.3,38.8,472.0,6.1,3.5,90.0,66.0,32.63976108,71.89520408
2024-09-18 04:00:00,73.6,33.5,417.0,3.8,3.2,109.0,65.0,32.63976108,71.89520408
2024-09-18 05:00:00,65.4,29.4,345.0,2.1,2.7,127.0,63.0,32.63976108,71.89520408
2024-09-18 06:00:00,63.6,28.2,289.0,0.9,2.4,140.0,62.0,32.63976108,71.89520408
2024-09-18 07:00:00,67.3,29.2,264.0,0.4,2.4,142.0,63.0,32.63976108,71.89520408
2024-09-18 08:00:00,67.8,29.3,255.0,0.4,2.5,139.0,66.0,32.63976108,71.89520408
2024-09-18 09:00:00,65.4,28.6,251.0,0.5,2.5,134.0,66.0,32.63976108,71.89520408
2024-09-18 10:00:00,62.9,27.9,244.0,0.4,2.4,131.0,62.0,32.63976108,71.89520408
2024-09-18 11:00:00,61.0,27.5,241.0,0.4,2.3,128.0,56.0,32.63976108,71.89520408
2024-09-18 12:00:00,43.9,22.8,274.0,1.5,2.2,123.0,29.0,32.63976108,71.89520408
2024-09-18 13:00:00,46.0,24.6,308.0,3.1,2.4,114.0,28.0,32.63976108,71.89520408
2024-09-18 14:00:00,48.9,26.8,358.0,5.5,2.6,102.0,27.0,32.63976108,71.89520408
2024-09-18 15:00:00,52.0,29.1,412.0,8.0,2.9,89.0,25.0,32.63976108,71.89520408
2024-09-18 16:00:00,54.1,30.9,472.0,10.8,3.1,76.0,23.0,32.63976108,71.89520408
2024-09-18 17:00:00,55.4,32.2,537.0,13.9,3.3,63.0,20.0,32.63976108,71.89520408
2024-09-18 18:00:00,55.3,32.6,588.0,16.3,3.5,52.0,19.0,32.63976108,71.89520408
2024-09-18 19:00:00,54.8,32.2,618.0,17.8,3.6,45.0,19.0,32.63976108,71.89520408
2024-09-18 20:00:00,56.1,32.6,634.0,18.6,3.6,40.0,20.0,32.63976108,71.89520408
2024-09-18 21:00:00,58.2,33.2,642.0,18.9,3.8,38.0,21.0,32.63976108,71.89520408
2024-09-18 22:00:00,61.2,34.2,640.0,18.9,4.2,40.0,24.0,32.63976108,71.89520408
2024-09-18 23:00:00,64.0,35.3,630.0,18.4,4.7,45.0,27.0,32.63976108,71.89520408
2024-09-19 00:00:00,60.1,33.1,645.0,15.8,4.2,38.0,23.0,32.63976108,71.89520408
2024-09-19 01:00:00,66.4,35.3,637.0,13.0,4.9,55.0,26.0,32.63976108,71.89520408
2024-09-19 02:00:00,72.9,38.8,623.0,9.1,5.8,80.0,30.0,32.63976108,71.89520408
2024-09-19 03:00:00,77.1,41.6,592.0,5.8,6.7,105.0,33.0,32.63976108,71.89520408
2024-09-19 04:00:00,76.4,40.3,532.0,3.7,7.7,132.0,32.0,32.63976108,71.89520408
2024-09-19 05:00:00,72.4,38.4,454.0,2.1,8.6,158.0,30.0,32.63976108,71.89520408
2024-09-19 06:00:00,65.0,34.6,388.0,1.1,9.1,176.0,27.0,32.63976108,71.89520408
2024-09-19 07:00:00,53.8,28.9,339.0,0.6,8.7,177.0,23.0,32.63976108,71.89520408
2024-09-19 08:00:00,45.9,24.9,301.0,0.6,7.9,169.0,19.0,32.63976108,71.89520408
2024-09-19 09:00:00,44.6,24.6,282.0,0.8,7.3,162.0,15.0,32.63976108,71.89520408
2024-09-19 10:00:00,47.4,26.7,290.0,1.0,7.4,163.0,12.0,32.63976108,71.89520408
2024-09-19 11:00:00,50.9,29.4,317.0,1.2,7.7,166.0,10.0,32.63976108,71.89520408
2024-09-19 12:00:00,42.5,24.5,318.0,1.7,6.3,160.0,10.0,32.63976108,71.89520408
2024-09-19 13:00:00,44.2,26.4,347.0,2.7,6.5,148.0,8.0,32.63976108,71.89520408
2024-09-19 14:00:00,46.0,28.2,388.0,4.2,6.7,131.0,6.0,32.63976108,71.89520408
2024-09-19 15:00:00,47.6,29.7,429.0,5.8,6.8,114.0,4.0,32.63976108,71.89520408
2024-09-19 16:00:00,48.9,31.0,471.0,7.7,6.5,96.0,3.0,32.63976108,71.89520408
2024-09-19 17:00:00,50.3,32.1,513.0,9.7,5.9,78.0,3.0,32.63976108,71.89520408
2024-09-19 18:00:00,50.1,32.2,539.0,11.2,5.5,65.0,3.0,32.63976108,71.89520408
2024-09-19 19:00:00,48.1,31.1,539.0,11.9,5.3,60.0,3.0,32.63976108,71.89520408
2024-09-19 20:00:00,46.2,29.8,522.0,12.0,5.3,60.0,3.0,32.63976108,71.89520408
2024-09-19 21:00:00,44.9,28.9,503.0,11.8,5.3,60.0,3.0,32.63976108,71.89520408
2024-09-19 22:00:00,43.7,28.1,483.0,11.4,5.3,59.0,3.0,32.63976108,71.89520408
2024-09-19 23:00:00,42.1,27.3,461.0,10.6,5.4,60.0,2.0,32.63976108,71.89520408
2024-09-20 00:00:00,41.8,27.6,465.0,11.0,5.5,59.0,1.0,32.63976108,71.89520408
2024-09-20 01:00:00,41.3,27.5,448.0,9.1,5.9,65.0,1.0,32.63976108,71.89520408
2024-09-20 02:00:00,42.5,28.5,425.0,6.5,6.4,74.0,1.0,32.63976108,71.89520408
2024-09-20 03:00:00,44.2,29.7,399.0,4.3,6.8,87.0,1.0,32.63976108,71.89520408
2024-09-20 04:00:00,46.2,30.4,371.0,2.9,7.0,107.0,2.0,32.63976108,71.89520408
2024-09-20 05:00:00,46.3,29.9,341.0,1.8,7.2,130.0,3.0,32.63976108,71.89520408
2024-09-20 06:00:00,46.2,29.1,317.0,1.1,7.0,148.0,5.0,32.63976108,71.89520408
2024-09-20 07:00:00,45.9,28.3,304.0,0.7,6.4,155.0,7.0,32.63976108,71.89520408
2024-09-20 08:00:00,45.6,27.5,298.0,0.6,5.5,157.0,10.0,32.63976108,71.89520408
2024-09-20 09:00:00,44.9,26.8,293.0,0.7,4.8,155.0,11.0,32.63976108,71.89520408
2024-09-20 10:00:00,44.1,26.2,285.0,0.7,4.3,150.0,11.0,32.63976108,71.89520408
2024-09-20 11:00:00,43.7,25.9,279.0,0.7,3.9,142.0,10.0,32.63976108,71.89520408
2024-09-20 12:00:00,30.5,19.0,289.0,1.0,3.9,144.0,5.0,32.63976108,71.89520408
2024-09-20 13:00:00,32.6,20.7,321.0,2.6,4.0,131.0,5.0,32.63976108,71.89520408
2024-09-20 14:00:00,36.4,23.5,365.0,4.8,4.0,112.0,4.0,32.63976108,71.89520408
2024-09-20 15:00:00,39.0,25.4,404.0,6.8,4.1,95.0,4.0,32.63976108,71.89520408
2024-09-20 16:00:00,40.3,26.4,434.0,8.2,4.1,84.0,4.0,32.63976108,71.89520408
2024-09-20 17:00:00,41.0,26.9,458.0,9.4,4.1,75.0,3.0,32.63976108,71.89520408
2024-09-20 18:00:00,39.6,26.1,470.0,10.2,4.0,67.0,3.0,32.63976108,71.89520408
2024-09-20 19:00:00,36.6,24.2,462.0,10.5,3.7,59.0,2.0,32.63976108,71.89520408
2024-09-20 20:00:00,33.6,22.3,440.0,10.3,3.2,53.0,2.0,32.63976108,71.89520408
2024-09-20 21:00:00,31.4,21.0,419.0,10.1,2.8,48.0,1.0,32.63976108,71.89520408
2024-09-20 22:00:00,30.2,20.2,401.0,10.0,2.5,45.0,1.0,32.63976108,71.89520408
2024-09-20 23:00:00,29.8,20.0,383.0,9.7,2.4,43.0,1.0,32.63976108,71.89520408
2024-09-21 00:00:00,30.3,20.5,384.0,9.9,2.2,41.0,1.0,32.63976108,71.89520408
2024-09-21 01:00:00,31.1,21.2,384.0,8.3,2.3,48.0,1.0,32.63976108,71.89520408
2024-09-21 02:00:00,33.9,23.2,382.0,6.1,2.4,57.0,1.0,32.63976108,71.89520408
2024-09-21 03:00:00,37.6,25.9,371.0,4.1,2.6,70.0,1.0,32.63976108,71.89520408
2024-09-21 04:00:00,38.0,26.1,341.0,2.7,2.8,88.0,1.0,32.63976108,71.89520408
2024-09-21 05:00:00,36.2,24.7,301.0,1.7,3.0,108.0,2.0,32.63976108,71.89520408
2024-09-21 06:00:00,34.9,23.4,272.0,0.9,3.2,124.0,2.0,32.63976108,71.89520408
2024-09-21 07:00:00,35.4,23.3,264.0,0.5,3.3,131.0,2.0,32.63976108,71.89520408
2024-09-21 08:00:00,36.0,23.4,266.0,0.5,3.4,133.0,3.0,32.63976108,71.89520408
2024-09-21 09:00:00,35.9,23.3,269.0,0.6,3.5,133.0,3.0,32.63976108,71.89520408
2024-09-21 10:00:00,34.9,22.8,264.0,0.6,3.5,130.0,3.0,32.63976108,71.89520408
2024-09-21 11:00:00,33.6,22.1,260.0,0.7,3.5,125.0,2.0,32.63976108,71.89520408
2024-09-21 12:00:00,26.1,17.7,263.0,1.3,2.9,126.0,0.0,32.63976108,71.89520408
2024-09-21 13:00:00,28.4,19.3,291.0,2.7,3.2,118.0,0.0,32.63976108,71.89520408
2024-09-21 14:00:00,31.4,21.5,331.0,4.6,3.5,105.0,0.0,32.63976108,71.89520408
2024-09-21 15:00:00,33.9,23.2,370.0,6.5,3.8,93.0,0.0,32.63976108,71.89520408
2024-09-21 16:00:00,35.3,24.1,405.0,8.1,3.9,81.0,0.0,32.63976108,71.89520408
2024-09-21 17:00:00,36.4,24.9,439.0,9.7,3.8,68.0,0.0,32.63976108,71.89520408
2024-09-21 18:00:00,36.2,24.8,462.0,10.9,3.6,57.0,0.0,32.63976108,71.89520408
2024-09-21 19:00:00,34.0,23.3,470.0,11.7,3.2,47.0,0.0,32.63976108,71.89520408
2024-09-21 20:00:00,32.4,22.1,468.0,12.3,2.7,38.0,0.0,32.63976108,71.89520408
2024-09-21 21:00:00,31.7,21.6,464.0,12.5,2.3,32.0,0.0,32.63976108,71.89520408
2024-09-21 22:00:00,31.8,21.7,460.0,12.5,2.2,29.0,0.0,32.63976108,71.89520408
2024-09-21 23:00:00,32.6,22.1,454.0,12.1,2.2,30.0,1.0,32.63976108,71.89520408
2024-09-22 00:00:00,33.2,22.5,436.0,11.0,2.6,37.0,1.0,32.63976108,71.89520408
2024-09-22 01:00:00,34.2,23.3,439.0,9.3,2.7,44.0,1.0,32.63976108,71.89520408
2024-09-22 02:00:00,37.0,25.3,440.0,6.9,2.8,54.0,1.0,32.63976108,71.89520408
2024-09-22 03:00:00,40.0,27.3,426.0,4.8,3.6,68.0,1.0,32.63976108,71.89520408
2024-09-22 04:00:00,41.8,28.2,382.0,3.3,5.6,91.0,1.0,32.63976108,71.89520408
2024-09-22 05:00:00,41.4,27.8,322.0,2.0,8.2,118.0,2.0,32.63976108,71.89520408
2024-09-22 06:00:00,34.1,22.5,276.0,1.1,9.8,138.0,2.0,32.63976108,71.89520408
2024-09-22 07:00:00,31.4,20.7,256.0,0.7,9.7,144.0,2.0,32.63976108,71.89520408
2024-09-22 08:00:00,29.6,19.3,249.0,0.7,8.7,143.0,3.0,32.63976108,71.89520408
2024-09-22 09:00:00,29.1,18.9,245.0,0.8,7.7,140.0,3.0,32.63976108,71.89520408
2024-09-22 10:00:00,28.5,18.4,237.0,0.8,7.0,136.0,3.0,32.63976108,71.89520408
2024-09-22 11:00:00,28.5,18.5,233.0,0.8,6.4,131.0,2.0,32.63976108,71.89520408
2024-09-22 12:00:00,25.8,17.2,248.0,1.4,5.8,126.0,2.0,32.63976108,71.89520408
2024-09-22 13:00:00,28.4,19.0,276.0,2.8,5.8,118.0,2.0,32.63976108,71.89520408
2024-09-22 14:00:00,31.7,21.2,316.0,4.8,5.8,106.0,2.0,32.63976108,71.89520408
2024-09-22 15:00:00,35.0,23.6,358.0,6.9,5.7,93.0,2.0,32.63976108,71.89520408
2024-09-22 16:00:00,37.4,25.3,402.0,9.1,5.3,78.0,2.0,32.63976108,71.89520408
2024-09-22 17:00:00,38.6,26.2,447.0,11.5,4.8,62.0,1.0,32.63976108,71.89520408
2024-09-22 18:00:00,37.6,25.6,480.0,13.2,4.2,48.0,1.0,32.63976108,71.89520408
2024-09-22 19:00:00,34.5,23.5,491.0,13.9,3.5,38.0,1.0,32.63976108,71.89520408
2024-09-22 20:00:00,32.4,22.0,489.0,14.0,2.8,31.0,1.0,32.63976108,71.89520408
2024-09-22 21:00:00,31.4,21.4,487.0,13.9,2.3,26.0,1.0,32.63976108,71.89520408
2024-09-22 22:00:00,31.7,21.5,489.0,13.9,2.1,23.0,1.0,32.63976108,71.89520408
2024-09-22 23:00:00,32.8,22.2,491.0,13.6,2.0,22.0,1.0,32.63976108,71.89520408
2024-09-23 00:00:00,36.1,24.4,476.0,12.0,2.3,30.0,1.0,32.63976108,71.89520408
2024-09-23 01:00:00,39.0,26.3,484.0,9.9,2.5,41.0,1.0,32.63976108,71.89520408
2024-09-23 02:00:00,44.0,29.6,493.0,6.9,2.9,56.0,2.0,32.63976108,71.89520408
2024-09-23 03:00:00,52.0,34.9,482.0,4.4,3.7,74.0,2.0,32.63976108,71.89520408
2024-09-23 04:00:00,58.1,38.6,434.0,2.8,5.5,95.0,2.0,32.63976108,71.89520408
2024-09-23 05:00:00,54.9,36.6,366.0,1.7,7.8,118.0,3.0,32.63976108,71.89520408
2024-09-23 06:00:00,48.0,31.8,311.0,1.0,9.2,135.0,3.0,32.63976108,71.89520408
2024-09-23 07:00:00,43.7,28.8,283.0,0.6,8.9,140.0,3.0,32.63976108,71.89520408
2024-09-23 08:00:00,40.5,26.6,269.0,0.6,7.7,139.0,3.0,32.63976108,71.89520408
2024-09-23 09:00:00,39.1,25.6,260.0,0.7,6.6,136.0,3.0,32.63976108,71.89520408
2024-09-23 10:00:00,38.3,25.0,252.0,0.7,5.9,134.0,3.0,32.63976108,71.89520408
2024-09-23 11:00:00,38.6,25.1,249.0,0.7,5.2,132.0,3.0,32.63976108,71.89520408
2024-09-23 12:00:00,33.4,21.9,247.0,1.3,4.6,128.0,2.0,32.63976108,71.89520408
2024-09-23 13:00:00,36.8,24.3,282.0,2.9,4.6,118.0,2.0,32.63976108,71.89520408
2024-09-23 14:00:00,40.9,27.1,331.0,5.1,4.7,104.0,2.0,32.63976108,71.89520408
2024-09-23 15:00:00,44.5,29.6,371.0,6.9,4.7,92.0,2.0,32.63976108,71.89520408
2024-09-23 16:00:00,47.0,31.4,396.0,7.8,4.8,86.0,2.0,32.63976108,71.89520408
2024-09-23 17:00:00,48.2,32.2,412.0,8.2,4.9,83.0,3.0,32.63976108,71.89520408
2024-09-23 18:00:00,47.6,31.8,421.0,8.6,4.9,80.0,3.0,32.63976108,71.89520408
2024-09-23 19:00:00,45.9,30.5,419.0,9.1,4.7,76.0,3.0,32.63976108,71.89520408
2024-09-23 20:00:00,44.2,29.4,409.0,9.4,4.4,72.0,3.0,32.63976108,71.89520408
2024-09-23 21:00:00,42.6,28.2,401.0,9.7,4.1,68.0,3.0,32.63976108,71.89520408
2024-09-23 22:00:00,40.9,27.1,396.0,10.0,3.7,61.0,3.0,32.63976108,71.89520408
2024-09-23 23:00:00,39.6,26.3,393.0,10.2,3.2,55.0,2.0,32.63976108,71.89520408
2024-09-24 00:00:00,37.8,25.1,420.0,10.0,2.5,41.0,1.0,32.63976108,71.89520408
2024-09-24 01:00:00,39.8,26.5,435.0,8.4,2.7,50.0,1.0,32.63976108,71.89520408
2024-09-24 02:00:00,44.1,29.5,454.0,6.2,3.0,63.0,2.0,32.63976108,71.89520408
2024-09-24 03:00:00,52.4,34.9,456.0,4.3,3.6,79.0,2.0,32.63976108,71.89520408
2024-09-24 04:00:00,61.7,41.0,425.0,2.9,4.7,99.0,3.0,32.63976108,71.89520408
2024-09-24 05:00:00,60.3,40.0,376.0,1.9,6.0,121.0,3.0,32.63976108,71.89520408
2024-09-24 06:00:00,56.7,37.3,335.0,1.1,7.0,137.0,4.0,32.63976108,71.89520408
2024-09-24 07:00:00,50.4,32.6,309.0,0.7,7.4,143.0,4.0,32.63976108,71.89520408
2024-09-24 08:00:00,46.4,29.9,290.0,0.6,7.5,144.0,5.0,32.63976108,71.89520408
2024-09-24 09:00:00,44.6,28.6,277.0,0.7,7.4,142.0,5.0,32.63976108,71.89520408
2024-09-24 10:00:00,43.2,27.8,266.0,0.7,7.1,140.0,5.0,32.63976108,71.89520408
2024-09-24 11:00:00,43.1,27.8,262.0,0.7,6.6,135.0,4.0,32.63976108,71.89520408
2024-09-24 12:00:00,44.7,29.2,272.0,1.4,6.3,128.0,4.0,32.63976108,71.89520408
2024-09-24 13:00:00,46.8,30.7,306.0,3.0,6.2,118.0,4.0,32.63976108,71.89520408
2024-09-24 14:00:00,50.4,33.3,355.0,5.1,6.3,105.0,3.0,32.63976108,71.89520408
2024-09-24 15:00:00,53.8,35.6,404.0,7.3,6.2,91.0,3.0,32.63976108,71.89520408
2024-09-24 16:00:00,55.8,37.0,451.0,9.5,5.9,76.0,3.0,32.63976108,71.89520408
2024-09-24 17:00:00,56.3,37.6,498.0,11.6,5.4,61.0,2.0,32.63976108,71.89520408
2024-09-24 18:00:00,54.1,36.3,530.0,13.1,4.9,48.0,2.0,32.63976108,71.89520408
2024-09-24 19:00:00,49.4,33.2,537.0,13.6,4.2,39.0,2.0,32.63976108,71.89520408
2024-09-24 20:00:00,45.4,30.6,530.0,13.4,3.5,33.0,1.0,32.63976108,71.89520408
2024-09-24 21:00:00,43.4,29.2,524.0,13.1,3.0,30.0,1.0,32.63976108,71.89520408
2024-09-24 22:00:00,43.0,28.8,523.0,12.9,2.9,28.0,1.0,32.63976108,71.89520408
2024-09-24 23:00:00,43.5,29.2,523.0,12.7,2.9,29.0,1.0,32.63976108,71.89520408
